-- MySQL dump 10.13  Distrib 5.6.17, for osx10.9 (x86_64)
--
-- Host: localhost    Database: pzlbot
-- ------------------------------------------------------
-- Server version	5.6.17

/*!40101 SET @OLD_CHARACTER_SET_CLIENT=@@CHARACTER_SET_CLIENT */;
/*!40101 SET @OLD_CHARACTER_SET_RESULTS=@@CHARACTER_SET_RESULTS */;
/*!40101 SET @OLD_COLLATION_CONNECTION=@@COLLATION_CONNECTION */;
/*!40101 SET NAMES utf8 */;
/*!40103 SET @OLD_TIME_ZONE=@@TIME_ZONE */;
/*!40103 SET TIME_ZONE='+00:00' */;
/*!40014 SET @OLD_UNIQUE_CHECKS=@@UNIQUE_CHECKS, UNIQUE_CHECKS=0 */;
/*!40014 SET @OLD_FOREIGN_KEY_CHECKS=@@FOREIGN_KEY_CHECKS, FOREIGN_KEY_CHECKS=0 */;
/*!40101 SET @OLD_SQL_MODE=@@SQL_MODE, SQL_MODE='NO_AUTO_VALUE_ON_ZERO' */;
/*!40111 SET @OLD_SQL_NOTES=@@SQL_NOTES, SQL_NOTES=0 */;

--
-- Table structure for table `difficulties`
--

DROP TABLE IF EXISTS `difficulties`;
/*!40101 SET @saved_cs_client     = @@character_set_client */;
/*!40101 SET character_set_client = utf8 */;
CREATE TABLE `difficulties` (
  `id` int(11) NOT NULL,
  `name` varchar(255) NOT NULL,
  PRIMARY KEY (`id`)
) ENGINE=InnoDB DEFAULT CHARSET=utf8;
/*!40101 SET character_set_client = @saved_cs_client */;

--
-- Dumping data for table `difficulties`
--

LOCK TABLES `difficulties` WRITE;
/*!40000 ALTER TABLE `difficulties` DISABLE KEYS */;
INSERT INTO `difficulties` VALUES (1,'easy'),(2,'medium'),(3,'hard'),(4,'bonus');
/*!40000 ALTER TABLE `difficulties` ENABLE KEYS */;
UNLOCK TABLES;

--
-- Table structure for table `puzzles`
--

DROP TABLE IF EXISTS `puzzles`;
/*!40101 SET @saved_cs_client     = @@character_set_client */;
/*!40101 SET character_set_client = utf8 */;
CREATE TABLE `puzzles` (
  `id` int(11) NOT NULL AUTO_INCREMENT,
  `type` int(11) NOT NULL,
  `difficulty` int(11) NOT NULL,
  `problem` varchar(1024) NOT NULL,
  `solution` varchar(1024) NOT NULL,
  `puzzledate` timestamp NOT NULL DEFAULT CURRENT_TIMESTAMP ON UPDATE CURRENT_TIMESTAMP,
  PRIMARY KEY (`id`),
  KEY `fk_puzzle_types` (`type`),
  KEY `fk_puzzle_difficulties` (`difficulty`),
  CONSTRAINT `fk_puzzle_types` FOREIGN KEY (`type`) REFERENCES `types` (`id`),
  CONSTRAINT `fk_puzzle_difficulties` FOREIGN KEY (`difficulty`) REFERENCES `difficulties` (`id`)
) ENGINE=InnoDB AUTO_INCREMENT=2191 DEFAULT CHARSET=utf8;
/*!40101 SET character_set_client = @saved_cs_client */;

--
-- Dumping data for table `puzzles`
--

LOCK TABLES `puzzles` WRITE;
/*!40000 ALTER TABLE `puzzles` DISABLE KEYS */;
INSERT INTO `puzzles` VALUES (1,2,1,'eghu','huge','2015-01-01 00:00:00'),(2,2,2,'deegln','legend','2015-01-01 00:00:00'),(3,2,3,'eeeinpsvx','expensive','2015-01-01 00:00:00'),(4,2,1,'acdlu','ducal','2015-01-02 00:00:00'),(5,2,2,'ceeiknt','necktie','2015-01-02 00:00:00'),(6,2,3,'adffginor','affording','2015-01-02 00:00:00'),(7,2,1,'adst','tads','2015-01-03 00:00:00'),(8,2,2,'eglosv','gloves','2015-01-03 00:00:00'),(9,2,3,'deeeinopr','pioneered','2015-01-03 00:00:00'),(10,2,1,'afll','fall','2015-01-04 00:00:00'),(11,2,2,'addenot','donated','2015-01-04 00:00:00'),(12,2,3,'aceeiotvv','evocative','2015-01-04 00:00:00'),(13,2,1,'deku','duke','2015-01-05 00:00:00'),(14,2,2,'deirtv','divert','2015-01-05 00:00:00'),(15,2,3,'eghilstt','lightest','2015-01-05 00:00:00'),(16,2,1,'ekpsu','pukes','2015-01-06 00:00:00'),(17,2,2,'beelrst','trebles','2015-01-06 00:00:00'),(18,2,3,'aabegort','abrogate','2015-01-06 00:00:00'),(19,2,1,'kllsu','skull','2015-01-07 00:00:00'),(20,2,2,'aeklnrs','rankles','2015-01-07 00:00:00'),(21,2,3,'aacemnrst','sacrament','2015-01-07 00:00:00'),(22,2,1,'fotu','tofu','2015-01-08 00:00:00'),(23,2,2,'defirzz','frizzed','2015-01-08 00:00:00'),(24,2,3,'aeimmrsuz','summarize','2015-01-08 00:00:00'),(25,2,1,'mosw','mows','2015-01-09 00:00:00'),(26,2,2,'aegrrv','graver','2015-01-09 00:00:00'),(27,2,3,'agiklnst','stalking','2015-01-09 00:00:00'),(28,2,1,'gissw','swigs','2015-01-10 00:00:00'),(29,2,2,'ceelnos','enclose','2015-01-10 00:00:00'),(30,2,3,'ginorstw','worsting','2015-01-10 00:00:00'),(31,2,1,'enrru','rerun','2015-01-11 00:00:00'),(32,2,2,'giilnos','soiling','2015-01-11 00:00:00'),(33,2,3,'ehmnoostw','hometowns','2015-01-11 00:00:00'),(34,2,1,'fiinx','infix','2015-01-12 00:00:00'),(35,2,2,'dinnuw','unwind','2015-01-12 00:00:00'),(36,2,3,'aeelstvw','wavelets','2015-01-12 00:00:00'),(37,2,1,'alsty','salty','2015-01-13 00:00:00'),(38,2,2,'deijlt','jilted','2015-01-13 00:00:00'),(39,2,3,'aacnpsst','capstans','2015-01-13 00:00:00'),(40,2,1,'efrt','fret','2015-01-14 00:00:00'),(41,2,2,'fhilty','filthy','2015-01-14 00:00:00'),(42,2,3,'addehnnru','underhand','2015-01-14 00:00:00'),(43,2,1,'bdlo','bold','2015-01-15 00:00:00'),(44,2,2,'deprstu','spurted','2015-01-15 00:00:00'),(45,2,3,'deilmopr','implored','2015-01-15 00:00:00'),(46,2,1,'aloss','lasso','2015-01-16 00:00:00'),(47,2,2,'aelppry','reapply','2015-01-16 00:00:00'),(48,2,3,'deeiilrsv','devilries','2015-01-16 00:00:00'),(49,2,1,'agmny','mangy','2015-01-17 00:00:00'),(50,2,2,'elmmpsu','pummels','2015-01-17 00:00:00'),(51,2,3,'cghinopu','pouching','2015-01-17 00:00:00'),(52,2,1,'eglu','glue','2015-01-18 00:00:00'),(53,2,2,'eginrsy','syringe','2015-01-18 00:00:00'),(54,2,3,'degiinrw','weirding','2015-01-18 00:00:00'),(55,2,1,'derry','dryer','2015-01-19 00:00:00'),(56,2,2,'acjklow','lockjaw','2015-01-19 00:00:00'),(57,2,3,'acdeiint','indicate','2015-01-19 00:00:00'),(58,2,1,'eirsv','rives','2015-01-20 00:00:00'),(59,2,2,'efhirsy','fishery','2015-01-20 00:00:00'),(60,2,3,'aaffinpr','paraffin','2015-01-20 00:00:00'),(61,2,1,'ceiir','icier','2015-01-21 00:00:00'),(62,2,2,'acffirt','traffic','2015-01-21 00:00:00'),(63,2,3,'achimmst','mismatch','2015-01-21 00:00:00'),(64,2,1,'ikkos','kiosk','2015-01-22 00:00:00'),(65,2,2,'ehoosst','soothes','2015-01-22 00:00:00'),(66,2,3,'deimmosty','immodesty','2015-01-22 00:00:00'),(67,2,1,'filrt','flirt','2015-01-23 00:00:00'),(68,2,2,'acceln','cancel','2015-01-23 00:00:00'),(69,2,3,'ciloopst','copilots','2015-01-23 00:00:00'),(70,2,1,'ckuy','yuck','2015-01-24 00:00:00'),(71,2,2,'aceerst','creates','2015-01-24 00:00:00'),(72,2,3,'cgiilnppr','crippling','2015-01-24 00:00:00'),(73,2,1,'aortt','tarot','2015-01-25 00:00:00'),(74,2,2,'bbginru','rubbing','2015-01-25 00:00:00'),(75,2,3,'abeggginr','beggaring','2015-01-25 00:00:00'),(76,2,1,'eepsv','veeps','2015-01-26 00:00:00'),(77,2,2,'aghirs','garish','2015-01-26 00:00:00'),(78,2,3,'dddeiqsu','squidded','2015-01-26 00:00:00'),(79,2,1,'beoo','oboe','2015-01-27 00:00:00'),(80,2,2,'abdelt','tabled','2015-01-27 00:00:00'),(81,2,3,'cdgiklnu','duckling','2015-01-27 00:00:00'),(82,2,1,'bdeel','bleed','2015-01-28 00:00:00'),(83,2,2,'degrstu','trudges','2015-01-28 00:00:00'),(84,2,3,'ccehnrsu','crunches','2015-01-28 00:00:00'),(85,2,1,'aegu','ague','2015-01-29 00:00:00'),(86,2,2,'abbbels','babbles','2015-01-29 00:00:00'),(87,2,3,'aeehnopr','earphone','2015-01-29 00:00:00'),(88,2,1,'almqu','qualm','2015-01-30 00:00:00'),(89,2,2,'einorss','seniors','2015-01-30 00:00:00'),(90,2,3,'abbcikrt','brickbat','2015-01-30 00:00:00'),(91,2,1,'ackor','croak','2015-01-31 00:00:00'),(92,2,2,'deeekp','peeked','2015-01-31 00:00:00'),(93,2,3,'aaeepprs','appeaser','2015-01-31 00:00:00'),(94,2,1,'aehtw','wheat','2015-02-01 00:00:00'),(95,2,2,'cfginor','forcing','2015-02-01 00:00:00'),(96,2,3,'aeghhirtu','haughtier','2015-02-01 00:00:00'),(97,2,1,'acjks','jacks','2015-02-02 00:00:00'),(98,2,2,'bcdehit','bitched','2015-02-02 00:00:00'),(99,2,3,'ehiqsssu','squishes','2015-02-02 00:00:00'),(100,2,1,'ceefs','feces','2015-02-03 00:00:00'),(101,2,2,'eeekpr','keeper','2015-02-03 00:00:00'),(102,2,3,'adhinpss','dishpans','2015-02-03 00:00:00'),(103,2,1,'enovy','envoy','2015-02-04 00:00:00'),(104,2,2,'bbgiijn','jibbing','2015-02-04 00:00:00'),(105,2,3,'aaeenrssw','awareness','2015-02-04 00:00:00'),(106,2,1,'abouy','bayou','2015-02-05 00:00:00'),(107,2,2,'aghinz','hazing','2015-02-05 00:00:00'),(108,2,3,'aceffostu','suffocate','2015-02-05 00:00:00'),(109,2,1,'afins','fains','2015-02-06 00:00:00'),(110,2,2,'deeenqu','queened','2015-02-06 00:00:00'),(111,2,3,'aaeenstu','nauseate','2015-02-06 00:00:00'),(112,2,1,'akpr','park','2015-02-07 00:00:00'),(113,2,2,'aeintv','native','2015-02-07 00:00:00'),(114,2,3,'aegilllly','illegally','2015-02-07 00:00:00'),(115,2,1,'abcno','bacon','2015-02-08 00:00:00'),(116,2,2,'giilmn','liming','2015-02-08 00:00:00'),(117,2,3,'egiiimntz','itemizing','2015-02-08 00:00:00'),(118,2,1,'ghnu','hung','2015-02-09 00:00:00'),(119,2,2,'agilnw','waling','2015-02-09 00:00:00'),(120,2,3,'aegillnrv','ravelling','2015-02-09 00:00:00'),(121,2,1,'chips','chips','2015-02-10 00:00:00'),(122,2,2,'aeimsz','maizes','2015-02-10 00:00:00'),(123,2,3,'adeenorv','endeavor','2015-02-10 00:00:00'),(124,2,1,'agry','gray','2015-02-11 00:00:00'),(125,2,2,'eflsux','fluxes','2015-02-11 00:00:00'),(126,2,3,'adeinort','rationed','2015-02-11 00:00:00'),(127,2,1,'filp','flip','2015-02-12 00:00:00'),(128,2,2,'aceorrs','coarser','2015-02-12 00:00:00'),(129,2,3,'bcdeehiir','herbicide','2015-02-12 00:00:00'),(130,2,1,'degin','deign','2015-02-13 00:00:00'),(131,2,2,'aeirtt','attire','2015-02-13 00:00:00'),(132,2,3,'egimnnors','sermoning','2015-02-13 00:00:00'),(133,2,1,'ceist','cites','2015-02-14 00:00:00'),(134,2,2,'aeegstt','gestate','2015-02-14 00:00:00'),(135,2,3,'deinnoww','winnowed','2015-02-14 00:00:00'),(136,2,1,'hiwzz','whizz','2015-02-15 00:00:00'),(137,2,2,'aeerrss','erasers','2015-02-15 00:00:00'),(138,2,3,'deeinnrt','interned','2015-02-15 00:00:00'),(139,2,1,'eimnr','miner','2015-02-16 00:00:00'),(140,2,2,'eepstty','typeset','2015-02-16 00:00:00'),(141,2,3,'abcdeehsu','debauches','2015-02-16 00:00:00'),(142,2,1,'bddei','bided','2015-02-17 00:00:00'),(143,2,2,'aaginu','iguana','2015-02-17 00:00:00'),(144,2,3,'aceehrss','searches','2015-02-17 00:00:00'),(145,2,1,'agnou','guano','2015-02-18 00:00:00'),(146,2,2,'adehls','lashed','2015-02-18 00:00:00'),(147,2,3,'bcddeeilu','deducible','2015-02-18 00:00:00'),(148,2,1,'begsy','gybes','2015-02-19 00:00:00'),(149,2,2,'bcdehnu','bunched','2015-02-19 00:00:00'),(150,2,3,'ehinorrt','thornier','2015-02-19 00:00:00'),(151,2,1,'adhny','handy','2015-02-20 00:00:00'),(152,2,2,'abckotu','outback','2015-02-20 00:00:00'),(153,2,3,'accdknorw','crackdown','2015-02-20 00:00:00'),(154,2,1,'cdeu','cued','2015-02-21 00:00:00'),(155,2,2,'delpsu','pulsed','2015-02-21 00:00:00'),(156,2,3,'beinostu','bounties','2015-02-21 00:00:00'),(157,2,1,'belno','noble','2015-02-22 00:00:00'),(158,2,2,'chlosu','slouch','2015-02-22 00:00:00'),(159,2,3,'abbdeirt','rabbited','2015-02-22 00:00:00'),(160,2,1,'cehop','epoch','2015-02-23 00:00:00'),(161,2,2,'dehinnt','thinned','2015-02-23 00:00:00'),(162,2,3,'adeloorv','overload','2015-02-23 00:00:00'),(163,2,1,'ailst','tails','2015-02-24 00:00:00'),(164,2,2,'aansstz','stanzas','2015-02-24 00:00:00'),(165,2,3,'adlooostt','toadstool','2015-02-24 00:00:00'),(166,2,1,'abck','back','2015-02-25 00:00:00'),(167,2,2,'einqsu','sequin','2015-02-25 00:00:00'),(168,2,3,'acddeelr','declared','2015-02-25 00:00:00'),(169,2,1,'corsw','crows','2015-02-26 00:00:00'),(170,2,2,'adettu','tauted','2015-02-26 00:00:00'),(171,2,3,'abdeelzz','bedazzle','2015-02-26 00:00:00'),(172,2,1,'cdiky','dicky','2015-02-27 00:00:00'),(173,2,2,'giinsv','vising','2015-02-27 00:00:00'),(174,2,3,'aabcegilr','algebraic','2015-02-27 00:00:00'),(175,2,1,'hiknt','think','2015-02-28 00:00:00'),(176,2,2,'adegrv','graved','2015-02-28 00:00:00'),(177,2,3,'acgiiknpx','pickaxing','2015-02-28 00:00:00'),(178,2,1,'ehosv','shove','2015-03-01 00:00:00'),(179,2,2,'adenrsu','asunder','2015-03-01 00:00:00'),(180,2,3,'aaeenrstt','anteaters','2015-03-01 00:00:00'),(181,2,1,'aepv','pave','2015-03-02 00:00:00'),(182,2,2,'cginorw','crowing','2015-03-02 00:00:00'),(183,2,3,'ceinoprs','conspire','2015-03-02 00:00:00'),(184,2,1,'agott','gotta','2015-03-03 00:00:00'),(185,2,2,'adeeprs','speared','2015-03-03 00:00:00'),(186,2,3,'eegimnrst','regiments','2015-03-03 00:00:00'),(187,2,1,'knosw','knows','2015-03-04 00:00:00'),(188,2,2,'aehloss','asshole','2015-03-04 00:00:00'),(189,2,3,'adeelrsvy','adversely','2015-03-04 00:00:00'),(190,2,1,'cdorw','crowd','2015-03-05 00:00:00'),(191,2,2,'deinpps','snipped','2015-03-05 00:00:00'),(192,2,3,'eilnosvv','involves','2015-03-05 00:00:00'),(193,2,1,'eirrw','wrier','2015-03-06 00:00:00'),(194,2,2,'eeerstt','teeters','2015-03-06 00:00:00'),(195,2,3,'ddeegrrs','dredgers','2015-03-06 00:00:00'),(196,2,1,'eenpr','preen','2015-03-07 00:00:00'),(197,2,2,'delllo','lolled','2015-03-07 00:00:00'),(198,2,3,'ehhirssw','shrewish','2015-03-07 00:00:00'),(199,2,1,'adln','land','2015-03-08 00:00:00'),(200,2,2,'ddeelp','peddle','2015-03-08 00:00:00'),(201,2,3,'eefnrsttu','unfetters','2015-03-08 00:00:00'),(202,2,1,'kosw','woks','2015-03-09 00:00:00'),(203,2,2,'celorsv','clovers','2015-03-09 00:00:00'),(204,2,3,'ammnoort','motorman','2015-03-09 00:00:00'),(205,2,1,'aefsx','faxes','2015-03-10 00:00:00'),(206,2,2,'eggjlu','juggle','2015-03-10 00:00:00'),(207,2,3,'adeefmorr','forearmed','2015-03-10 00:00:00'),(208,2,1,'eopsy','poesy','2015-03-11 00:00:00'),(209,2,2,'bdeikl','bilked','2015-03-11 00:00:00'),(210,2,3,'addeemnst','damnedest','2015-03-11 00:00:00'),(211,2,1,'ginot','ingot','2015-03-12 00:00:00'),(212,2,2,'eghilnp','helping','2015-03-12 00:00:00'),(213,2,3,'abdeiltu','dutiable','2015-03-12 00:00:00'),(214,2,1,'adegt','gated','2015-03-13 00:00:00'),(215,2,2,'clrtuy','curtly','2015-03-13 00:00:00'),(216,2,3,'aagiloops','apologias','2015-03-13 00:00:00'),(217,2,1,'adent','anted','2015-03-14 00:00:00'),(218,2,2,'aalsssv','vassals','2015-03-14 00:00:00'),(219,2,3,'aefiilnz','finalize','2015-03-14 00:00:00'),(220,2,1,'aelx','axle','2015-03-15 00:00:00'),(221,2,2,'deersss','dresses','2015-03-15 00:00:00'),(222,2,3,'aabddehn','headband','2015-03-15 00:00:00'),(223,2,1,'cello','cello','2015-03-16 00:00:00'),(224,2,2,'adklny','dankly','2015-03-16 00:00:00'),(225,2,3,'deimnpsss','misspends','2015-03-16 00:00:00'),(226,2,1,'ablw','bawl','2015-03-17 00:00:00'),(227,2,2,'bdeinry','bindery','2015-03-17 00:00:00'),(228,2,3,'aimnrstt','transmit','2015-03-17 00:00:00'),(229,2,1,'abry','bray','2015-03-18 00:00:00'),(230,2,2,'dgiopry','prodigy','2015-03-18 00:00:00'),(231,2,3,'ffinopst','pontiffs','2015-03-18 00:00:00'),(232,2,1,'giltu','guilt','2015-03-19 00:00:00'),(233,2,2,'deehorv','hovered','2015-03-19 00:00:00'),(234,2,3,'aeiimntt','intimate','2015-03-19 00:00:00'),(235,2,1,'destu','duets','2015-03-20 00:00:00'),(236,2,2,'abcfnos','confabs','2015-03-20 00:00:00'),(237,2,3,'eikoorst','rookiest','2015-03-20 00:00:00'),(238,2,1,'mprsu','rumps','2015-03-21 00:00:00'),(239,2,2,'aehilpr','harelip','2015-03-21 00:00:00'),(240,2,3,'acdegiott','cogitated','2015-03-21 00:00:00'),(241,2,1,'cloos','cools','2015-03-22 00:00:00'),(242,2,2,'ghistw','wights','2015-03-22 00:00:00'),(243,2,3,'aeiilnptv','plaintive','2015-03-22 00:00:00'),(244,2,1,'ddeit','tided','2015-03-23 00:00:00'),(245,2,2,'acehrtw','watcher','2015-03-23 00:00:00'),(246,2,3,'eeimrrstt','trimester','2015-03-23 00:00:00'),(247,2,1,'gnoss','songs','2015-03-24 00:00:00'),(248,2,2,'bcejot','object','2015-03-24 00:00:00'),(249,2,3,'cdeooprrt','proctored','2015-03-24 00:00:00'),(250,2,1,'deopx','poxed','2015-03-25 00:00:00'),(251,2,2,'ceessux','excuses','2015-03-25 00:00:00'),(252,2,3,'diimnnoos','dominions','2015-03-25 00:00:00'),(253,2,1,'abbcy','cabby','2015-03-26 00:00:00'),(254,2,2,'adekprs','sparked','2015-03-26 00:00:00'),(255,2,3,'effisstt','stiffest','2015-03-26 00:00:00'),(256,2,1,'belnt','blent','2015-03-27 00:00:00'),(257,2,2,'adeprrs','sparred','2015-03-27 00:00:00'),(258,2,3,'ceilrstu','curliest','2015-03-27 00:00:00'),(259,2,1,'chik','hick','2015-03-28 00:00:00'),(260,2,2,'deemnr','mender','2015-03-28 00:00:00'),(261,2,3,'abeinrsst','banisters','2015-03-28 00:00:00'),(262,2,1,'elmo','mole','2015-03-29 00:00:00'),(263,2,2,'aoprrsu','uproars','2015-03-29 00:00:00'),(264,2,3,'beilmmos','embolism','2015-03-29 00:00:00'),(265,2,1,'aekqu','quake','2015-03-29 23:00:00'),(266,2,2,'eeimnnt','eminent','2015-03-29 23:00:00'),(267,2,3,'beeiorstv','overbites','2015-03-29 23:00:00'),(268,2,1,'eentt','tenet','2015-03-30 23:00:00'),(269,2,2,'aelsvv','valves','2015-03-30 23:00:00'),(270,2,3,'bceklnuu','unbuckle','2015-03-30 23:00:00'),(271,2,1,'eghit','eight','2015-03-31 23:00:00'),(272,2,2,'adeeirr','readier','2015-03-31 23:00:00'),(273,2,3,'ccnorsttu','construct','2015-03-31 23:00:00'),(274,2,1,'aciil','cilia','2015-04-01 23:00:00'),(275,2,2,'aalwyy','waylay','2015-04-01 23:00:00'),(276,2,3,'adeinrsvy','vineyards','2015-04-01 23:00:00'),(277,2,1,'flost','lofts','2015-04-02 23:00:00'),(278,2,2,'bbdestu','stubbed','2015-04-02 23:00:00'),(279,2,3,'eggimors','smoggier','2015-04-02 23:00:00'),(280,2,1,'aiqsu','quasi','2015-04-03 23:00:00'),(281,2,2,'aeehrss','hearses','2015-04-03 23:00:00'),(282,2,3,'ehlooprst','portholes','2015-04-03 23:00:00'),(283,2,1,'innou','union','2015-04-04 23:00:00'),(284,2,2,'aeehknr','hearken','2015-04-04 23:00:00'),(285,2,3,'aelprssst','strapless','2015-04-04 23:00:00'),(286,2,1,'beost','besot','2015-04-05 23:00:00'),(287,2,2,'eiprtv','privet','2015-04-05 23:00:00'),(288,2,3,'ghiinnns','shinning','2015-04-05 23:00:00'),(289,2,1,'aimss','amiss','2015-04-06 23:00:00'),(290,2,2,'achijk','hijack','2015-04-06 23:00:00'),(291,2,3,'abegimnno','bemoaning','2015-04-06 23:00:00'),(292,2,1,'eekss','seeks','2015-04-07 23:00:00'),(293,2,2,'bbefir','fibber','2015-04-07 23:00:00'),(294,2,3,'accceiirt','cicatrice','2015-04-07 23:00:00'),(295,2,1,'addpy','paddy','2015-04-08 23:00:00'),(296,2,2,'ceijru','juicer','2015-04-08 23:00:00'),(297,2,3,'aeiilnqu','aquiline','2015-04-08 23:00:00'),(298,2,1,'deosv','doves','2015-04-09 23:00:00'),(299,2,2,'eilmpr','limper','2015-04-09 23:00:00'),(300,2,3,'deegilrtt','glittered','2015-04-09 23:00:00'),(301,2,1,'degiu','guide','2015-04-10 23:00:00'),(302,2,2,'belmmu','mumble','2015-04-10 23:00:00'),(303,2,3,'deellnntu','tunnelled','2015-04-10 23:00:00'),(304,2,1,'giinr','iring','2015-04-11 23:00:00'),(305,2,2,'aloppru','popular','2015-04-11 23:00:00'),(306,2,3,'eilnrtuv','virulent','2015-04-11 23:00:00'),(307,2,1,'bdeew','dweeb','2015-04-12 23:00:00'),(308,2,2,'fgilnot','lofting','2015-04-12 23:00:00'),(309,2,3,'deeeglsv','selvedge','2015-04-12 23:00:00'),(310,2,1,'deoor','rodeo','2015-04-13 23:00:00'),(311,2,2,'ceikpr','picker','2015-04-13 23:00:00'),(312,2,3,'abeiilrrs','libraries','2015-04-13 23:00:00'),(313,2,1,'achkw','whack','2015-04-14 23:00:00'),(314,2,2,'behrssu','brushes','2015-04-14 23:00:00'),(315,2,3,'aceeghrr','recharge','2015-04-14 23:00:00'),(316,2,1,'acefh','chafe','2015-04-15 23:00:00'),(317,2,2,'ahhiksw','hawkish','2015-04-15 23:00:00'),(318,2,3,'adefgiimn','magnified','2015-04-15 23:00:00'),(319,2,1,'acpt','pact','2015-04-16 23:00:00'),(320,2,2,'abglnoo','bologna','2015-04-16 23:00:00'),(321,2,3,'bceghilnn','blenching','2015-04-16 23:00:00'),(322,2,1,'acent','enact','2015-04-17 23:00:00'),(323,2,2,'anorrsw','narrows','2015-04-17 23:00:00'),(324,2,3,'bceeillos','bellicose','2015-04-17 23:00:00'),(325,2,1,'eikpr','piker','2015-04-18 23:00:00'),(326,2,2,'agnost','tangos','2015-04-18 23:00:00'),(327,2,3,'ckossstu','tussocks','2015-04-18 23:00:00'),(328,2,1,'llop','poll','2015-04-19 23:00:00'),(329,2,2,'eggjlru','juggler','2015-04-19 23:00:00'),(330,2,3,'aimnorty','minatory','2015-04-19 23:00:00'),(331,2,1,'elpsu','pulse','2015-04-20 23:00:00'),(332,2,2,'accgnos','cognacs','2015-04-20 23:00:00'),(333,2,3,'acilmopr','proclaim','2015-04-20 23:00:00'),(334,2,1,'dirt','dirt','2015-04-21 23:00:00'),(335,2,2,'lsstuy','stylus','2015-04-21 23:00:00'),(336,2,3,'afhlosty','haylofts','2015-04-21 23:00:00'),(337,2,1,'enpru','prune','2015-04-22 23:00:00'),(338,2,2,'iinrtty','trinity','2015-04-22 23:00:00'),(339,2,3,'aefforsst','afforests','2015-04-22 23:00:00'),(340,2,1,'akln','lank','2015-04-23 23:00:00'),(341,2,2,'egirst','tigers','2015-04-23 23:00:00'),(342,2,3,'abbcimost','bombastic','2015-04-23 23:00:00'),(343,2,1,'adost','toads','2015-04-24 23:00:00'),(344,2,2,'cenosu','ounces','2015-04-24 23:00:00'),(345,2,3,'accgikmr','gimcrack','2015-04-24 23:00:00'),(346,2,1,'dnowy','downy','2015-04-25 23:00:00'),(347,2,2,'egnoxy','oxygen','2015-04-25 23:00:00'),(348,2,3,'acdefort','factored','2015-04-25 23:00:00'),(349,2,1,'bllsu','bulls','2015-04-26 23:00:00'),(350,2,2,'aarrsy','arrays','2015-04-26 23:00:00'),(351,2,3,'ceeprsssy','cypresses','2015-04-26 23:00:00'),(352,2,1,'aett','teat','2015-04-27 23:00:00'),(353,2,2,'eefgrsu','refuges','2015-04-27 23:00:00'),(354,2,3,'bcdelmru','crumbled','2015-04-27 23:00:00'),(355,2,1,'efns','fens','2015-04-28 23:00:00'),(356,2,2,'cddeeor','decoder','2015-04-28 23:00:00'),(357,2,3,'aaddekms','damasked','2015-04-28 23:00:00'),(358,2,1,'cjkos','jocks','2015-04-29 23:00:00'),(359,2,2,'chnotuu','uncouth','2015-04-29 23:00:00'),(360,2,3,'dfillory','floridly','2015-04-29 23:00:00'),(361,2,1,'oostt','toots','2015-04-30 23:00:00'),(362,2,2,'aadkmss','damasks','2015-04-30 23:00:00'),(363,2,3,'dehnossw','snowshed','2015-04-30 23:00:00'),(364,2,1,'eenty','teeny','2015-05-01 23:00:00'),(365,2,2,'bcceily','bicycle','2015-05-01 23:00:00'),(366,2,3,'adegillr','gladlier','2015-05-01 23:00:00'),(367,2,1,'ioptv','pivot','2015-05-02 23:00:00'),(368,2,2,'aeglrv','gravel','2015-05-02 23:00:00'),(369,2,3,'filoooprt','portfolio','2015-05-02 23:00:00'),(370,2,1,'illp','pill','2015-05-03 23:00:00'),(371,2,2,'belopsu','pueblos','2015-05-03 23:00:00'),(372,2,3,'aaeilnssz','nasalizes','2015-05-03 23:00:00'),(373,2,1,'almo','loam','2015-05-04 23:00:00'),(374,2,2,'einsstv','invests','2015-05-04 23:00:00'),(375,2,3,'aggillnry','glaringly','2015-05-04 23:00:00'),(376,2,1,'chlos','lochs','2015-05-05 23:00:00'),(377,2,2,'eghiknr','gherkin','2015-05-05 23:00:00'),(378,2,3,'ceinsttx','extincts','2015-05-05 23:00:00'),(379,2,1,'clrsu','curls','2015-05-06 23:00:00'),(380,2,2,'ccdeeps','specced','2015-05-06 23:00:00'),(381,2,3,'acehmsstu','mustaches','2015-05-06 23:00:00'),(382,2,1,'eepr','peer','2015-05-07 23:00:00'),(383,2,2,'eglnty','gently','2015-05-07 23:00:00'),(384,2,3,'deeenstt','detentes','2015-05-07 23:00:00'),(385,2,1,'iprt','trip','2015-05-08 23:00:00'),(386,2,2,'aaailmr','malaria','2015-05-08 23:00:00'),(387,2,3,'demmnosu','summoned','2015-05-08 23:00:00'),(388,2,1,'bnnuy','bunny','2015-05-09 23:00:00'),(389,2,2,'cdejnou','jounced','2015-05-09 23:00:00'),(390,2,3,'abeirssst','brassiest','2015-05-09 23:00:00'),(391,2,1,'deorw','rowed','2015-05-10 23:00:00'),(392,2,2,'degirrs','girders','2015-05-10 23:00:00'),(393,2,3,'deffginno','offending','2015-05-10 23:00:00'),(394,2,1,'epsxy','pyxes','2015-05-11 23:00:00'),(395,2,2,'alortyy','royalty','2015-05-11 23:00:00'),(396,2,3,'aiikksuy','sukiyaki','2015-05-11 23:00:00'),(397,2,1,'annny','nanny','2015-05-12 23:00:00'),(398,2,2,'acfrss','scarfs','2015-05-12 23:00:00'),(399,2,3,'eefiilmt','lifetime','2015-05-12 23:00:00'),(400,2,1,'agpss','gasps','2015-05-13 23:00:00'),(401,2,2,'aalnnru','annular','2015-05-13 23:00:00'),(402,2,3,'aadelnstw','wasteland','2015-05-13 23:00:00'),(403,2,1,'dlops','plods','2015-05-14 23:00:00'),(404,2,2,'abbfly','flabby','2015-05-14 23:00:00'),(405,2,3,'bbghilnoo','hobgoblin','2015-05-14 23:00:00'),(406,2,1,'ikkn','kink','2015-05-15 23:00:00'),(407,2,2,'beinosv','bovines','2015-05-15 23:00:00'),(408,2,3,'aiimnttu','titanium','2015-05-15 23:00:00'),(409,2,1,'lossu','souls','2015-05-16 23:00:00'),(410,2,2,'deoprru','prouder','2015-05-16 23:00:00'),(411,2,3,'aeilnstu','insulate','2015-05-16 23:00:00'),(412,2,1,'ceost','cotes','2015-05-17 23:00:00'),(413,2,2,'ciilnos','silicon','2015-05-17 23:00:00'),(414,2,3,'abeegirv','verbiage','2015-05-17 23:00:00'),(415,2,1,'hiost','hoist','2015-05-18 23:00:00'),(416,2,2,'aaerrw','awarer','2015-05-18 23:00:00'),(417,2,3,'ddegiinss','giddiness','2015-05-18 23:00:00'),(418,2,1,'chosw','chows','2015-05-19 23:00:00'),(419,2,2,'eflmsu','flumes','2015-05-19 23:00:00'),(420,2,3,'defgiirsu','disfigure','2015-05-19 23:00:00'),(421,2,1,'emors','mores','2015-05-20 23:00:00'),(422,2,2,'fgilory','glorify','2015-05-20 23:00:00'),(423,2,3,'aegglrsst','straggles','2015-05-20 23:00:00'),(424,2,1,'empsu','spume','2015-05-21 23:00:00'),(425,2,2,'ceorssw','escrows','2015-05-21 23:00:00'),(426,2,3,'cddeeepr','preceded','2015-05-21 23:00:00'),(427,2,1,'acdos','codas','2015-05-22 23:00:00'),(428,2,2,'abdekn','banked','2015-05-22 23:00:00'),(429,2,3,'aacennoss','assonance','2015-05-22 23:00:00'),(430,2,1,'eequu','queue','2015-05-23 23:00:00'),(431,2,2,'bgiklnu','bulking','2015-05-23 23:00:00'),(432,2,3,'aacdehiln','enchilada','2015-05-23 23:00:00'),(433,2,1,'eelmm','lemme','2015-05-24 23:00:00'),(434,2,2,'achlry','archly','2015-05-24 23:00:00'),(435,2,3,'deegilopr','ridgepole','2015-05-24 23:00:00'),(436,2,1,'binru','bruin','2015-05-25 23:00:00'),(437,2,2,'deimssu','misused','2015-05-25 23:00:00'),(438,2,3,'eelmprsuy','supremely','2015-05-25 23:00:00'),(439,2,1,'dfoo','food','2015-05-26 23:00:00'),(440,2,2,'aalnstu','sultana','2015-05-26 23:00:00'),(441,2,3,'aadhmnny','handyman','2015-05-26 23:00:00'),(442,2,1,'kmrsu','murks','2015-05-27 23:00:00'),(443,2,2,'efinruy','reunify','2015-05-27 23:00:00'),(444,2,3,'eipssstu','pussiest','2015-05-27 23:00:00'),(445,2,1,'aacuv','vacua','2015-05-28 23:00:00'),(446,2,2,'fiilnot','tinfoil','2015-05-28 23:00:00'),(447,2,3,'cdgilnnoo','condoling','2015-05-28 23:00:00'),(448,2,1,'ddee','deed','2015-05-29 23:00:00'),(449,2,2,'aflluw','lawful','2015-05-29 23:00:00'),(450,2,3,'lmooppsuy','pompously','2015-05-29 23:00:00'),(451,2,1,'boos','boos','2015-05-30 23:00:00'),(452,2,2,'cgiilno','coiling','2015-05-30 23:00:00'),(453,2,3,'aeglnprs','grapnels','2015-05-30 23:00:00'),(454,2,1,'alpw','pawl','2015-05-31 23:00:00'),(455,2,2,'aeelrt','relate','2015-05-31 23:00:00'),(456,2,3,'adddeqsu','squadded','2015-05-31 23:00:00'),(457,2,1,'dmpsu','dumps','2015-06-01 23:00:00'),(458,2,2,'acehiss','chaises','2015-06-01 23:00:00'),(459,2,3,'emmnosssu','summonses','2015-06-01 23:00:00'),(460,2,1,'ossw','sows','2015-06-02 23:00:00'),(461,2,2,'eiklly','likely','2015-06-02 23:00:00'),(462,2,3,'accdeost','accosted','2015-06-02 23:00:00'),(463,2,1,'chlny','lynch','2015-06-03 23:00:00'),(464,2,2,'dnoors','donors','2015-06-03 23:00:00'),(465,2,3,'aabeltux','tableaux','2015-06-03 23:00:00'),(466,2,1,'adeft','fated','2015-06-04 23:00:00'),(467,2,2,'adeilmm','dilemma','2015-06-04 23:00:00'),(468,2,3,'bdeilorv','lovebird','2015-06-04 23:00:00'),(469,2,1,'eflo','floe','2015-06-05 23:00:00'),(470,2,2,'eimnrv','vermin','2015-06-05 23:00:00'),(471,2,3,'bciisstu','biscuits','2015-06-05 23:00:00'),(472,2,1,'dhot','doth','2015-06-06 23:00:00'),(473,2,2,'eiilstt','elitist','2015-06-06 23:00:00'),(474,2,3,'acdepprs','scrapped','2015-06-06 23:00:00'),(475,2,1,'deeor','erode','2015-06-07 23:00:00'),(476,2,2,'ehisss','hisses','2015-06-07 23:00:00'),(477,2,3,'deeegnrv','revenged','2015-06-07 23:00:00'),(478,2,1,'eens','seen','2015-06-08 23:00:00'),(479,2,2,'eginpry','preying','2015-06-08 23:00:00'),(480,2,3,'abdeilopr','parboiled','2015-06-08 23:00:00'),(481,2,1,'nprsu','spurn','2015-06-09 23:00:00'),(482,2,2,'iillnop','pillion','2015-06-09 23:00:00'),(483,2,3,'eiinnossv','envisions','2015-06-09 23:00:00'),(484,2,1,'pttuy','putty','2015-06-10 23:00:00'),(485,2,2,'bdemoy','embody','2015-06-10 23:00:00'),(486,2,3,'eehinsstw','whiteness','2015-06-10 23:00:00'),(487,2,1,'ackln','clank','2015-06-11 23:00:00'),(488,2,2,'aeehlrs','healers','2015-06-11 23:00:00'),(489,2,3,'efiknors','foreskin','2015-06-11 23:00:00'),(490,2,1,'eghiw','weigh','2015-06-12 23:00:00'),(491,2,2,'fmpruy','frumpy','2015-06-12 23:00:00'),(492,2,3,'cemoprss','compress','2015-06-12 23:00:00'),(493,2,1,'afoot','afoot','2015-06-13 23:00:00'),(494,2,2,'aaekmrr','earmark','2015-06-13 23:00:00'),(495,2,3,'eegillnv','leveling','2015-06-13 23:00:00'),(496,2,1,'ailms','mails','2015-06-14 23:00:00'),(497,2,2,'arsstt','starts','2015-06-14 23:00:00'),(498,2,3,'efioosst','footsies','2015-06-14 23:00:00'),(499,2,1,'aacdh','dacha','2015-06-15 23:00:00'),(500,2,2,'adegrsu','sugared','2015-06-15 23:00:00'),(501,2,3,'ciiknpprs','pinpricks','2015-06-15 23:00:00'),(502,2,1,'aelsz','lazes','2015-06-16 23:00:00'),(503,2,2,'eeinrw','wiener','2015-06-16 23:00:00'),(504,2,3,'eegnrrstu','resurgent','2015-06-16 23:00:00'),(505,2,1,'inty','tiny','2015-06-17 23:00:00'),(506,2,2,'aeioqsu','sequoia','2015-06-17 23:00:00'),(507,2,3,'ehhmnooop','homophone','2015-06-17 23:00:00'),(508,2,1,'addew','waded','2015-06-18 23:00:00'),(509,2,2,'dlnooww','lowdown','2015-06-18 23:00:00'),(510,2,3,'aeoprssv','overpass','2015-06-18 23:00:00'),(511,2,1,'alpst','splat','2015-06-19 23:00:00'),(512,2,2,'aeinns','insane','2015-06-19 23:00:00'),(513,2,3,'eefhllwy','flywheel','2015-06-19 23:00:00'),(514,2,1,'abrsy','brays','2015-06-20 23:00:00'),(515,2,2,'aeglpsu','plagues','2015-06-20 23:00:00'),(516,2,3,'ehipsstu','pushiest','2015-06-20 23:00:00'),(517,2,1,'cddee','ceded','2015-06-21 23:00:00'),(518,2,2,'abginn','baning','2015-06-21 23:00:00'),(519,2,3,'ggilqsuy','squiggly','2015-06-21 23:00:00'),(520,2,1,'dees','seed','2015-06-22 23:00:00'),(521,2,2,'aghloos','gasohol','2015-06-22 23:00:00'),(522,2,3,'cceorrsu','reoccurs','2015-06-22 23:00:00'),(523,2,1,'aelmt','metal','2015-06-23 23:00:00'),(524,2,2,'deiksvy','skydive','2015-06-23 23:00:00'),(525,2,3,'aiimnsst','animists','2015-06-23 23:00:00'),(526,2,1,'alnwy','wanly','2015-06-24 23:00:00'),(527,2,2,'deiinv','divine','2015-06-24 23:00:00'),(528,2,3,'efiiprsu','purifies','2015-06-24 23:00:00'),(529,2,1,'ciss','sics','2015-06-25 23:00:00'),(530,2,2,'aclloor','corolla','2015-06-25 23:00:00'),(531,2,3,'beelnoss','boneless','2015-06-25 23:00:00'),(532,2,1,'flou','foul','2015-06-26 23:00:00'),(533,2,2,'adilsty','staidly','2015-06-26 23:00:00'),(534,2,3,'ggiiimnnp','impinging','2015-06-26 23:00:00'),(535,2,1,'ackmu','amuck','2015-06-27 23:00:00'),(536,2,2,'adddel','addled','2015-06-27 23:00:00'),(537,2,3,'aagimnprt','ptarmigan','2015-06-27 23:00:00'),(538,2,1,'hopy','hypo','2015-06-28 23:00:00'),(539,2,2,'abdeggr','bragged','2015-06-28 23:00:00'),(540,2,3,'deinrstty','dentistry','2015-06-28 23:00:00'),(541,2,1,'mrsu','rums','2015-06-29 23:00:00'),(542,2,2,'fghinoo','hoofing','2015-06-29 23:00:00'),(543,2,3,'adegillst','gladliest','2015-06-29 23:00:00'),(544,2,1,'ehikr','hiker','2015-06-30 23:00:00'),(545,2,2,'cenostt','contest','2015-06-30 23:00:00'),(546,2,3,'acdiinort','indicator','2015-06-30 23:00:00'),(547,2,1,'horsu','hours','2015-07-01 23:00:00'),(548,2,2,'bbdehlo','hobbled','2015-07-01 23:00:00'),(549,2,3,'eehlrsst','shelters','2015-07-01 23:00:00'),(550,2,1,'eiprv','viper','2015-07-02 23:00:00'),(551,2,2,'egilpt','piglet','2015-07-02 23:00:00'),(552,2,3,'acehlstt','chattels','2015-07-02 23:00:00'),(553,2,1,'ddeu','dude','2015-07-03 23:00:00'),(554,2,2,'adesst','steads','2015-07-03 23:00:00'),(555,2,3,'ehnoosssw','snowshoes','2015-07-03 23:00:00'),(556,2,1,'aekrw','wreak','2015-07-04 23:00:00'),(557,2,2,'gimntu','muting','2015-07-04 23:00:00'),(558,2,3,'bdddeeflu','befuddled','2015-07-04 23:00:00'),(559,2,1,'ddowy','dowdy','2015-07-05 23:00:00'),(560,2,2,'eggilw','wiggle','2015-07-05 23:00:00'),(561,2,3,'eemnsstu','muteness','2015-07-05 23:00:00'),(562,2,1,'eemrs','meres','2015-07-06 23:00:00'),(563,2,2,'cekoors','cookers','2015-07-06 23:00:00'),(564,2,3,'abdehilos','abolished','2015-07-06 23:00:00'),(565,2,1,'egnst','gents','2015-07-07 23:00:00'),(566,2,2,'giiknrs','risking','2015-07-07 23:00:00'),(567,2,3,'ceikrrty','trickery','2015-07-07 23:00:00'),(568,2,1,'besw','webs','2015-07-08 23:00:00'),(569,2,2,'aehlort','loather','2015-07-08 23:00:00'),(570,2,3,'defoorrw','foreword','2015-07-08 23:00:00'),(571,2,1,'mmpsu','mumps','2015-07-09 23:00:00'),(572,2,2,'bessstu','subsets','2015-07-09 23:00:00'),(573,2,3,'aeegillz','legalize','2015-07-09 23:00:00'),(574,2,1,'eglns','glens','2015-07-10 23:00:00'),(575,2,2,'eegmrs','merges','2015-07-10 23:00:00'),(576,2,3,'aeinorsv','aversion','2015-07-10 23:00:00'),(577,2,1,'cefh','chef','2015-07-11 23:00:00'),(578,2,2,'acddeg','cadged','2015-07-11 23:00:00'),(579,2,3,'deilmnoss','moldiness','2015-07-11 23:00:00'),(580,2,1,'ghsuy','gushy','2015-07-12 23:00:00'),(581,2,2,'acckoss','cassock','2015-07-12 23:00:00'),(582,2,3,'ceeorrrs','sorcerer','2015-07-12 23:00:00'),(583,2,1,'eisz','size','2015-07-13 23:00:00'),(584,2,2,'coopss','scoops','2015-07-13 23:00:00'),(585,2,3,'giiinnnop','pinioning','2015-07-13 23:00:00'),(586,2,1,'aeent','eaten','2015-07-14 23:00:00'),(587,2,2,'bdelmtu','tumbled','2015-07-14 23:00:00'),(588,2,3,'acdeelppr','clappered','2015-07-14 23:00:00'),(589,2,1,'achoo','achoo','2015-07-15 23:00:00'),(590,2,2,'cdeeru','reduce','2015-07-15 23:00:00'),(591,2,3,'aeelnrtx','external','2015-07-15 23:00:00'),(592,2,1,'eflw','flew','2015-07-16 23:00:00'),(593,2,2,'aceklrs','slacker','2015-07-16 23:00:00'),(594,2,3,'giinnnot','intoning','2015-07-16 23:00:00'),(595,2,1,'lllo','loll','2015-07-17 23:00:00'),(596,2,2,'bhmorsu','rhombus','2015-07-17 23:00:00'),(597,2,3,'defnooott','footnoted','2015-07-17 23:00:00'),(598,2,1,'emsst','stems','2015-07-18 23:00:00'),(599,2,2,'fgiknor','forking','2015-07-18 23:00:00'),(600,2,3,'aadgimpr','paradigm','2015-07-18 23:00:00'),(601,2,1,'norsw','sworn','2015-07-19 23:00:00'),(602,2,2,'ahikrs','rakish','2015-07-19 23:00:00'),(603,2,3,'abegillln','labelling','2015-07-19 23:00:00'),(604,2,1,'gortu','grout','2015-07-20 23:00:00'),(605,2,2,'aeersv','averse','2015-07-20 23:00:00'),(606,2,3,'efilnosst','loftiness','2015-07-20 23:00:00'),(607,2,1,'kknsu','skunk','2015-07-21 23:00:00'),(608,2,2,'aiilorv','ravioli','2015-07-21 23:00:00'),(609,2,3,'aegikstw','gawkiest','2015-07-21 23:00:00'),(610,2,1,'kstu','tusk','2015-07-22 23:00:00'),(611,2,2,'ceiorrz','crozier','2015-07-22 23:00:00'),(612,2,3,'cimnorss','crimsons','2015-07-22 23:00:00'),(613,2,1,'deelv','delve','2015-07-23 23:00:00'),(614,2,2,'adempp','mapped','2015-07-23 23:00:00'),(615,2,3,'ceemnoptt','competent','2015-07-23 23:00:00'),(616,2,1,'aacco','cacao','2015-07-24 23:00:00'),(617,2,2,'adhiloy','holiday','2015-07-24 23:00:00'),(618,2,3,'ghiinnnwy','whinnying','2015-07-24 23:00:00'),(619,2,1,'adgl','glad','2015-07-25 23:00:00'),(620,2,2,'cdekkno','knocked','2015-07-25 23:00:00'),(621,2,3,'egiimnps','impinges','2015-07-25 23:00:00'),(622,2,1,'ffijy','jiffy','2015-07-26 23:00:00'),(623,2,2,'abeillp','pliable','2015-07-26 23:00:00'),(624,2,3,'eeflloruw','woefuller','2015-07-26 23:00:00'),(625,2,1,'istt','tits','2015-07-27 23:00:00'),(626,2,2,'aceikpx','pickaxe','2015-07-27 23:00:00'),(627,2,3,'agilmnprt','trampling','2015-07-27 23:00:00'),(628,2,1,'ejlls','jells','2015-07-28 23:00:00'),(629,2,2,'fiossy','ossify','2015-07-28 23:00:00'),(630,2,3,'cfiilnst','inflicts','2015-07-28 23:00:00'),(631,2,1,'diivv','vivid','2015-07-29 23:00:00'),(632,2,2,'abclot','cobalt','2015-07-29 23:00:00'),(633,2,3,'aabeeeglr','agreeable','2015-07-29 23:00:00'),(634,2,1,'deeny','needy','2015-07-30 23:00:00'),(635,2,2,'bcmruy','crumby','2015-07-30 23:00:00'),(636,2,3,'bgiilmnsu','subliming','2015-07-30 23:00:00'),(637,2,1,'abmmo','mambo','2015-07-31 23:00:00'),(638,2,2,'efgort','forget','2015-07-31 23:00:00'),(639,2,3,'effinpssu','puffiness','2015-07-31 23:00:00'),(640,2,1,'ikno','oink','2015-08-01 23:00:00'),(641,2,2,'aefinrr','refrain','2015-08-01 23:00:00'),(642,2,3,'adgilnpp','dappling','2015-08-01 23:00:00'),(643,2,1,'efirx','fixer','2015-08-02 23:00:00'),(644,2,2,'cnoosty','tycoons','2015-08-02 23:00:00'),(645,2,3,'ehimmrss','shimmers','2015-08-02 23:00:00'),(646,2,1,'defgu','fudge','2015-08-03 23:00:00'),(647,2,2,'aflost','floats','2015-08-03 23:00:00'),(648,2,3,'cehinprst','sphincter','2015-08-03 23:00:00'),(649,2,1,'chhiw','which','2015-08-04 23:00:00'),(650,2,2,'aehrstv','harvest','2015-08-04 23:00:00'),(651,2,3,'aeillrstw','stairwell','2015-08-04 23:00:00'),(652,2,1,'lmoos','looms','2015-08-05 23:00:00'),(653,2,2,'acempr','camper','2015-08-05 23:00:00'),(654,2,3,'cdeegiinv','deceiving','2015-08-05 23:00:00'),(655,2,1,'ahlo','halo','2015-08-06 23:00:00'),(656,2,2,'aenntt','tenant','2015-08-06 23:00:00'),(657,2,3,'beiloprss','possibler','2015-08-06 23:00:00'),(658,2,1,'ahox','hoax','2015-08-07 23:00:00'),(659,2,2,'aaglnor','granola','2015-08-07 23:00:00'),(660,2,3,'aeeflrss','fearless','2015-08-07 23:00:00'),(661,2,1,'ehinw','whine','2015-08-08 23:00:00'),(662,2,2,'aalpstu','spatula','2015-08-08 23:00:00'),(663,2,3,'acefirrt','craftier','2015-08-08 23:00:00'),(664,2,1,'abuzz','abuzz','2015-08-09 23:00:00'),(665,2,2,'eehrstt','tethers','2015-08-09 23:00:00'),(666,2,3,'bgilnnotu','unbolting','2015-08-09 23:00:00'),(667,2,1,'agin','gain','2015-08-10 23:00:00'),(668,2,2,'deeglns','legends','2015-08-10 23:00:00'),(669,2,3,'aegimnnr','renaming','2015-08-10 23:00:00'),(670,2,1,'chou','ouch','2015-08-11 23:00:00'),(671,2,2,'aeerty','eatery','2015-08-11 23:00:00'),(672,2,3,'abegilny','belaying','2015-08-11 23:00:00'),(673,2,1,'chipt','pitch','2015-08-12 23:00:00'),(674,2,2,'bceenos','obscene','2015-08-12 23:00:00'),(675,2,3,'efgnoortt','forgotten','2015-08-12 23:00:00'),(676,2,1,'bgino','bingo','2015-08-13 23:00:00'),(677,2,2,'einnpst','tenpins','2015-08-13 23:00:00'),(678,2,3,'aeemnnss','meanness','2015-08-13 23:00:00'),(679,2,1,'acdls','scald','2015-08-14 23:00:00'),(680,2,2,'ehlosw','wholes','2015-08-14 23:00:00'),(681,2,3,'bcceilsu','cubicles','2015-08-14 23:00:00'),(682,2,1,'ijnos','joins','2015-08-15 23:00:00'),(683,2,2,'deeilnv','livened','2015-08-15 23:00:00'),(684,2,3,'abinooprt','probation','2015-08-15 23:00:00'),(685,2,1,'kllno','knoll','2015-08-16 23:00:00'),(686,2,2,'degiluv','divulge','2015-08-16 23:00:00'),(687,2,3,'eioprsstt','sportiest','2015-08-16 23:00:00'),(688,2,1,'affst','staff','2015-08-17 23:00:00'),(689,2,2,'adefor','fedora','2015-08-17 23:00:00'),(690,2,3,'aaeeknrw','reawaken','2015-08-17 23:00:00'),(691,2,1,'emnsu','menus','2015-08-18 23:00:00'),(692,2,2,'acehirv','archive','2015-08-18 23:00:00'),(693,2,3,'accnostt','contacts','2015-08-18 23:00:00'),(694,2,1,'betu','tube','2015-08-19 23:00:00'),(695,2,2,'aefgor','forage','2015-08-19 23:00:00'),(696,2,3,'aeemnnott','atonement','2015-08-19 23:00:00'),(697,2,1,'bfos','fobs','2015-08-20 23:00:00'),(698,2,2,'cgiint','citing','2015-08-20 23:00:00'),(699,2,3,'abdeelrr','barreled','2015-08-20 23:00:00'),(700,2,1,'acdew','cawed','2015-08-21 23:00:00'),(701,2,2,'ceiorrs','crosier','2015-08-21 23:00:00'),(702,2,3,'fglnorsu','furlongs','2015-08-21 23:00:00'),(703,2,1,'floo','fool','2015-08-22 23:00:00'),(704,2,2,'aaaglmm','amalgam','2015-08-22 23:00:00'),(705,2,3,'aefilorss','foresails','2015-08-22 23:00:00'),(706,2,1,'eggly','leggy','2015-08-23 23:00:00'),(707,2,2,'aclosv','vocals','2015-08-23 23:00:00'),(708,2,3,'aeirsttw','wartiest','2015-08-23 23:00:00'),(709,2,1,'bbis','bibs','2015-08-24 23:00:00'),(710,2,2,'adelopt','tadpole','2015-08-24 23:00:00'),(711,2,3,'elppsstu','supplest','2015-08-24 23:00:00'),(712,2,1,'alnsu','ulnas','2015-08-25 23:00:00'),(713,2,2,'aginvw','waving','2015-08-25 23:00:00'),(714,2,3,'ginorrwy','worrying','2015-08-25 23:00:00'),(715,2,1,'nnoo','noon','2015-08-26 23:00:00'),(716,2,2,'adginnw','dawning','2015-08-26 23:00:00'),(717,2,3,'himorsstu','humorists','2015-08-26 23:00:00'),(718,2,1,'aeswx','waxes','2015-08-27 23:00:00'),(719,2,2,'aalnnu','annual','2015-08-27 23:00:00'),(720,2,3,'egiilrsst','grisliest','2015-08-27 23:00:00'),(721,2,1,'ipsty','tipsy','2015-08-28 23:00:00'),(722,2,2,'eirrstu','rustier','2015-08-28 23:00:00'),(723,2,3,'aeeiinstx','anxieties','2015-08-28 23:00:00'),(724,2,1,'agrs','rags','2015-08-29 23:00:00'),(725,2,2,'ceknors','reckons','2015-08-29 23:00:00'),(726,2,3,'bdhlooost','bloodshot','2015-08-29 23:00:00'),(727,2,1,'bkno','knob','2015-08-30 23:00:00'),(728,2,2,'cellnoo','colonel','2015-08-30 23:00:00'),(729,2,3,'adeelnrv','lavender','2015-08-30 23:00:00'),(730,2,1,'iknp','pink','2015-08-31 23:00:00'),(731,2,2,'eeinrt','entire','2015-08-31 23:00:00'),(732,2,3,'ceginoopr','coopering','2015-08-31 23:00:00'),(733,2,1,'adily','daily','2015-09-01 23:00:00'),(734,2,2,'addehor','hoarded','2015-09-01 23:00:00'),(735,2,3,'aeefhrst','feathers','2015-09-01 23:00:00'),(736,2,1,'abdwy','bawdy','2015-09-02 23:00:00'),(737,2,2,'aghilns','lashing','2015-09-02 23:00:00'),(738,2,3,'abiorrtv','vibrator','2015-09-02 23:00:00'),(739,2,1,'bdeem','embed','2015-09-03 23:00:00'),(740,2,2,'dehort','throed','2015-09-03 23:00:00'),(741,2,3,'aijllovy','jovially','2015-09-03 23:00:00'),(742,2,1,'aefks','fakes','2015-09-04 23:00:00'),(743,2,2,'eeeflrs','feelers','2015-09-04 23:00:00'),(744,2,3,'aaccelltu','calculate','2015-09-04 23:00:00'),(745,2,1,'iklo','kilo','2015-09-05 23:00:00'),(746,2,2,'acdehkw','whacked','2015-09-05 23:00:00'),(747,2,3,'cefilmru','merciful','2015-09-05 23:00:00'),(748,2,1,'deimt','timed','2015-09-06 23:00:00'),(749,2,2,'aioprrt','airport','2015-09-06 23:00:00'),(750,2,3,'cegiloost','ecologist','2015-09-06 23:00:00'),(751,2,1,'ademx','maxed','2015-09-07 23:00:00'),(752,2,2,'chlrsu','churls','2015-09-07 23:00:00'),(753,2,3,'adelnnorw','landowner','2015-09-07 23:00:00'),(754,2,1,'elly','yell','2015-09-08 23:00:00'),(755,2,2,'agginru','arguing','2015-09-08 23:00:00'),(756,2,3,'bceenpstu','pubescent','2015-09-08 23:00:00'),(757,2,1,'abcis','basic','2015-09-09 23:00:00'),(758,2,2,'aalmny','layman','2015-09-09 23:00:00'),(759,2,3,'ddemnouu','duodenum','2015-09-09 23:00:00'),(760,2,1,'aeelt','elate','2015-09-10 23:00:00'),(761,2,2,'ahiinpr','hairpin','2015-09-10 23:00:00'),(762,2,3,'deggnoost','doggonest','2015-09-10 23:00:00'),(763,2,1,'deinp','pined','2015-09-11 23:00:00'),(764,2,2,'cdeghou','coughed','2015-09-11 23:00:00'),(765,2,3,'admoorrsw','wardrooms','2015-09-11 23:00:00'),(766,2,1,'mprtu','trump','2015-09-12 23:00:00'),(767,2,2,'eiiklrs','silkier','2015-09-12 23:00:00'),(768,2,3,'aadinoprs','paranoids','2015-09-12 23:00:00'),(769,2,1,'deek','eked','2015-09-13 23:00:00'),(770,2,2,'chnoop','poncho','2015-09-13 23:00:00'),(771,2,3,'eehhoorss','horseshoe','2015-09-13 23:00:00'),(772,2,1,'booty','booty','2015-09-14 23:00:00'),(773,2,2,'bbeiln','nibble','2015-09-14 23:00:00'),(774,2,3,'defiimstt','misfitted','2015-09-14 23:00:00'),(775,2,1,'enswy','newsy','2015-09-15 23:00:00'),(776,2,2,'aacinor','ocarina','2015-09-15 23:00:00'),(777,2,3,'acennotv','covenant','2015-09-15 23:00:00'),(778,2,1,'eesv','eves','2015-09-16 23:00:00'),(779,2,2,'ackllsy','slackly','2015-09-16 23:00:00'),(780,2,3,'diiorssv','divisors','2015-09-16 23:00:00'),(781,2,1,'ooprs','spoor','2015-09-17 23:00:00'),(782,2,2,'bdeoot','booted','2015-09-17 23:00:00'),(783,2,3,'efhloopsu','flophouse','2015-09-17 23:00:00'),(784,2,1,'bersv','verbs','2015-09-18 23:00:00'),(785,2,2,'addimno','diamond','2015-09-18 23:00:00'),(786,2,3,'abeegosz','gazeboes','2015-09-18 23:00:00'),(787,2,1,'hinnt','ninth','2015-09-19 23:00:00'),(788,2,2,'aachnss','ashcans','2015-09-19 23:00:00'),(789,2,3,'acefginpr','prefacing','2015-09-19 23:00:00'),(790,2,1,'cmsuu','mucus','2015-09-20 23:00:00'),(791,2,2,'bdenosy','beyonds','2015-09-20 23:00:00'),(792,2,3,'eeehirsss','heiresses','2015-09-20 23:00:00'),(793,2,1,'abim','iamb','2015-09-21 23:00:00'),(794,2,2,'defknu','funked','2015-09-21 23:00:00'),(795,2,3,'eilmoost','toilsome','2015-09-21 23:00:00'),(796,2,1,'aenst','antes','2015-09-22 23:00:00'),(797,2,2,'addeglr','gladder','2015-09-22 23:00:00'),(798,2,3,'aehirsty','hysteria','2015-09-22 23:00:00'),(799,2,1,'eest','tees','2015-09-23 23:00:00'),(800,2,2,'hilmoy','homily','2015-09-23 23:00:00'),(801,2,3,'aceennrt','entrance','2015-09-23 23:00:00'),(802,2,1,'beir','bier','2015-09-24 23:00:00'),(803,2,2,'cdddeei','decided','2015-09-24 23:00:00'),(804,2,3,'cdmnoopsu','compounds','2015-09-24 23:00:00'),(805,2,1,'frstu','turfs','2015-09-25 23:00:00'),(806,2,2,'eiilrw','wilier','2015-09-25 23:00:00'),(807,2,3,'efnorstu','fortunes','2015-09-25 23:00:00'),(808,2,1,'cest','sect','2015-09-26 23:00:00'),(809,2,2,'dghiny','dinghy','2015-09-26 23:00:00'),(810,2,3,'ccenoort','concerto','2015-09-26 23:00:00'),(811,2,1,'ccikl','click','2015-09-27 23:00:00'),(812,2,2,'eefhort','thereof','2015-09-27 23:00:00'),(813,2,3,'eeghhinst','heightens','2015-09-27 23:00:00'),(814,2,1,'ceflt','cleft','2015-09-28 23:00:00'),(815,2,2,'cgiknop','pocking','2015-09-28 23:00:00'),(816,2,3,'adeehors','sorehead','2015-09-28 23:00:00'),(817,2,1,'abit','bait','2015-09-29 23:00:00'),(818,2,2,'deellry','elderly','2015-09-29 23:00:00'),(819,2,3,'adilmopt','diplomat','2015-09-29 23:00:00'),(820,2,1,'looss','solos','2015-09-30 23:00:00'),(821,2,2,'aoopprs','apropos','2015-09-30 23:00:00'),(822,2,3,'aaddemru','marauded','2015-09-30 23:00:00'),(823,2,1,'aegmy','gamey','2015-10-01 23:00:00'),(824,2,2,'abdehlr','halberd','2015-10-01 23:00:00'),(825,2,3,'deioprssv','disproves','2015-10-01 23:00:00'),(826,2,1,'aeppr','paper','2015-10-02 23:00:00'),(827,2,2,'eeprttx','pretext','2015-10-02 23:00:00'),(828,2,3,'cdeginrsy','descrying','2015-10-02 23:00:00'),(829,2,1,'cekos','cokes','2015-10-03 23:00:00'),(830,2,2,'ikmnoos','kimonos','2015-10-03 23:00:00'),(831,2,3,'bdegikoou','guidebook','2015-10-03 23:00:00'),(832,2,1,'binor','robin','2015-10-04 23:00:00'),(833,2,2,'aginrs','grains','2015-10-04 23:00:00'),(834,2,3,'abcelmrss','scrambles','2015-10-04 23:00:00'),(835,2,1,'prsuu','usurp','2015-10-05 23:00:00'),(836,2,2,'elmoort','tremolo','2015-10-05 23:00:00'),(837,2,3,'aemnrsuy','aneurysm','2015-10-05 23:00:00'),(838,2,1,'ilrtw','twirl','2015-10-06 23:00:00'),(839,2,2,'eipruvw','purview','2015-10-06 23:00:00'),(840,2,3,'eeilorsv','overlies','2015-10-06 23:00:00'),(841,2,1,'begr','berg','2015-10-07 23:00:00'),(842,2,2,'eelpss','sleeps','2015-10-07 23:00:00'),(843,2,3,'accillruy','crucially','2015-10-07 23:00:00'),(844,2,1,'ehov','hove','2015-10-08 23:00:00'),(845,2,2,'aeeegrr','eagerer','2015-10-08 23:00:00'),(846,2,3,'cddeelsu','secluded','2015-10-08 23:00:00'),(847,2,1,'dell','dell','2015-10-09 23:00:00'),(848,2,2,'giinptt','pitting','2015-10-09 23:00:00'),(849,2,3,'acdfoortw','woodcraft','2015-10-09 23:00:00'),(850,2,1,'adegw','waged','2015-10-10 23:00:00'),(851,2,2,'deinnoo','onioned','2015-10-10 23:00:00'),(852,2,3,'aeinostvx','vexations','2015-10-10 23:00:00'),(853,2,1,'eehrs','sheer','2015-10-11 23:00:00'),(854,2,2,'aenptt','patent','2015-10-11 23:00:00'),(855,2,3,'fiklllsu','skillful','2015-10-11 23:00:00'),(856,2,1,'cgilo','logic','2015-10-12 23:00:00'),(857,2,2,'celmops','compels','2015-10-12 23:00:00'),(858,2,3,'aeeghmop','homepage','2015-10-12 23:00:00'),(859,2,1,'lopst','plots','2015-10-13 23:00:00'),(860,2,2,'ajlnoru','journal','2015-10-13 23:00:00'),(861,2,3,'aciortty','atrocity','2015-10-13 23:00:00'),(862,2,1,'bdesu','bused','2015-10-14 23:00:00'),(863,2,2,'abcehst','batches','2015-10-14 23:00:00'),(864,2,3,'egiilnott','toileting','2015-10-14 23:00:00'),(865,2,1,'gloo','logo','2015-10-15 23:00:00'),(866,2,2,'aiinnsz','zinnias','2015-10-15 23:00:00'),(867,2,3,'ghiiknnt','thinking','2015-10-15 23:00:00'),(868,2,1,'fort','fort','2015-10-16 23:00:00'),(869,2,2,'ainprs','sprain','2015-10-16 23:00:00'),(870,2,3,'bbeelllu','bluebell','2015-10-16 23:00:00'),(871,2,1,'amstt','matts','2015-10-17 23:00:00'),(872,2,2,'ceelrsu','recluse','2015-10-17 23:00:00'),(873,2,3,'aaelnoss','seasonal','2015-10-17 23:00:00'),(874,2,1,'ahrtw','wrath','2015-10-18 23:00:00'),(875,2,2,'aadgnpr','grandpa','2015-10-18 23:00:00'),(876,2,3,'ddeffisu','diffused','2015-10-18 23:00:00'),(877,2,1,'dirty','dirty','2015-10-19 23:00:00'),(878,2,2,'eoopps','oppose','2015-10-19 23:00:00'),(879,2,3,'aadennttt','attendant','2015-10-19 23:00:00'),(880,2,1,'akny','yank','2015-10-20 23:00:00'),(881,2,2,'abeggrr','bragger','2015-10-20 23:00:00'),(882,2,3,'ainrstttu','antitrust','2015-10-20 23:00:00'),(883,2,1,'ffstu','stuff','2015-10-21 23:00:00'),(884,2,2,'eiilms','simile','2015-10-21 23:00:00'),(885,2,3,'ehmoooprs','sophomore','2015-10-21 23:00:00'),(886,2,1,'ilmy','limy','2015-10-22 23:00:00'),(887,2,2,'efistty','testify','2015-10-22 23:00:00'),(888,2,3,'efggiinnr','fingering','2015-10-22 23:00:00'),(889,2,1,'ehilx','helix','2015-10-23 23:00:00'),(890,2,2,'aelttux','textual','2015-10-23 23:00:00'),(891,2,3,'eeefrrsz','freezers','2015-10-23 23:00:00'),(892,2,1,'eins','sine','2015-10-24 23:00:00'),(893,2,2,'cegilln','celling','2015-10-24 23:00:00'),(894,2,3,'aadikllos','alkaloids','2015-10-24 23:00:00'),(895,2,1,'inpsy','spiny','2015-10-26 00:00:00'),(896,2,2,'deeeflt','fleeted','2015-10-26 00:00:00'),(897,2,3,'blopsstu','subplots','2015-10-26 00:00:00'),(898,2,1,'ddeop','doped','2015-10-27 00:00:00'),(899,2,2,'ahoosy','yahoos','2015-10-27 00:00:00'),(900,2,3,'aceilprt','particle','2015-10-27 00:00:00'),(901,2,1,'gilny','lying','2015-10-28 00:00:00'),(902,2,2,'emnort','mentor','2015-10-28 00:00:00'),(903,2,3,'acdehktw','thwacked','2015-10-28 00:00:00'),(904,2,1,'bdnos','bonds','2015-10-29 00:00:00'),(905,2,2,'hinorsu','nourish','2015-10-29 00:00:00'),(906,2,3,'bcdeejot','objected','2015-10-29 00:00:00'),(907,2,1,'intuy','unity','2015-10-30 00:00:00'),(908,2,2,'acefrsu','surface','2015-10-30 00:00:00'),(909,2,3,'ceffiors','officers','2015-10-30 00:00:00'),(910,2,1,'ehmny','hymen','2015-10-31 00:00:00'),(911,2,2,'aaeggr','garage','2015-10-31 00:00:00'),(912,2,3,'boopprrtu','turboprop','2015-10-31 00:00:00'),(913,2,1,'ddoty','toddy','2015-11-01 00:00:00'),(914,2,2,'aeelmss','measles','2015-11-01 00:00:00'),(915,2,3,'ddeeiprv','deprived','2015-11-01 00:00:00'),(916,2,1,'cdery','decry','2015-11-02 00:00:00'),(917,2,2,'aachlps','paschal','2015-11-02 00:00:00'),(918,2,3,'aegilnpt','pleating','2015-11-02 00:00:00'),(919,2,1,'agsst','stags','2015-11-03 00:00:00'),(920,2,2,'deejnoy','enjoyed','2015-11-03 00:00:00'),(921,2,3,'afgimortu','fumigator','2015-11-03 00:00:00'),(922,2,1,'morst','storm','2015-11-04 00:00:00'),(923,2,2,'aeglnt','tangle','2015-11-04 00:00:00'),(924,2,3,'deehimmrs','shimmered','2015-11-04 00:00:00'),(925,2,1,'alppu','pupal','2015-11-05 00:00:00'),(926,2,2,'aeghrst','gathers','2015-11-05 00:00:00'),(927,2,3,'eeeegqssu','squeegees','2015-11-05 00:00:00'),(928,2,1,'aenss','sanes','2015-11-06 00:00:00'),(929,2,2,'eiklssu','sulkies','2015-11-06 00:00:00'),(930,2,3,'aaehnpsst','pheasants','2015-11-06 00:00:00'),(931,2,1,'aalnv','naval','2015-11-07 00:00:00'),(932,2,2,'ehilrt','lither','2015-11-07 00:00:00'),(933,2,3,'eegisstv','vestiges','2015-11-07 00:00:00'),(934,2,1,'chnru','churn','2015-11-08 00:00:00'),(935,2,2,'addilmn','midland','2015-11-08 00:00:00'),(936,2,3,'eilssttu','lustiest','2015-11-08 00:00:00'),(937,2,1,'bghit','bight','2015-11-09 00:00:00'),(938,2,2,'ijnost','joints','2015-11-09 00:00:00'),(939,2,3,'giilnszz','sizzling','2015-11-09 00:00:00'),(940,2,1,'acpst','pacts','2015-11-10 00:00:00'),(941,2,2,'aeklrsw','walkers','2015-11-10 00:00:00'),(942,2,3,'adeiorsst','asteroids','2015-11-10 00:00:00'),(943,2,1,'egipr','gripe','2015-11-11 00:00:00'),(944,2,2,'dhilrty','thirdly','2015-11-11 00:00:00'),(945,2,3,'abejlsuy','bluejays','2015-11-11 00:00:00'),(946,2,1,'agjs','jags','2015-11-12 00:00:00'),(947,2,2,'abhorrs','harbors','2015-11-12 00:00:00'),(948,2,3,'acdeenors','coarsened','2015-11-12 00:00:00'),(949,2,1,'emmos','memos','2015-11-13 00:00:00'),(950,2,2,'cefirr','ferric','2015-11-13 00:00:00'),(951,2,3,'adeemort','moderate','2015-11-13 00:00:00'),(952,2,1,'clnow','clown','2015-11-14 00:00:00'),(953,2,2,'abeelsu','useable','2015-11-14 00:00:00'),(954,2,3,'aceinnrs','crannies','2015-11-14 00:00:00'),(955,2,1,'cemot','comet','2015-11-15 00:00:00'),(956,2,2,'abdeeln','enabled','2015-11-15 00:00:00'),(957,2,3,'ddegiiitz','digitized','2015-11-15 00:00:00'),(958,2,1,'glloy','golly','2015-11-16 00:00:00'),(959,2,2,'eejrst','jester','2015-11-16 00:00:00'),(960,2,3,'acceilnt','canticle','2015-11-16 00:00:00'),(961,2,1,'choop','pooch','2015-11-17 00:00:00'),(962,2,2,'ackors','croaks','2015-11-17 00:00:00'),(963,2,3,'cdilloos','colloids','2015-11-17 00:00:00'),(964,2,1,'dgoos','goods','2015-11-18 00:00:00'),(965,2,2,'cdeeitv','evicted','2015-11-18 00:00:00'),(966,2,3,'efgimnorr','reforming','2015-11-18 00:00:00'),(967,2,1,'aeguv','vague','2015-11-19 00:00:00'),(968,2,2,'efilquy','liquefy','2015-11-19 00:00:00'),(969,2,3,'aaegnstv','vantages','2015-11-19 00:00:00'),(970,2,1,'elmxy','xylem','2015-11-20 00:00:00'),(971,2,2,'aeehltt','athlete','2015-11-20 00:00:00'),(972,2,3,'aachimrrs','armchairs','2015-11-20 00:00:00'),(973,2,1,'costu','scout','2015-11-21 00:00:00'),(974,2,2,'aersssu','assures','2015-11-21 00:00:00'),(975,2,3,'aehorrsw','warhorse','2015-11-21 00:00:00'),(976,2,1,'denuu','undue','2015-11-22 00:00:00'),(977,2,2,'cnooppr','popcorn','2015-11-22 00:00:00'),(978,2,3,'deeirstw','weirdest','2015-11-22 00:00:00'),(979,2,1,'bffsu','buffs','2015-11-23 00:00:00'),(980,2,2,'ehmnoor','hormone','2015-11-23 00:00:00'),(981,2,3,'beeeilns','beelines','2015-11-23 00:00:00'),(982,2,1,'adevw','waved','2015-11-24 00:00:00'),(983,2,2,'defist','sifted','2015-11-24 00:00:00'),(984,2,3,'agiilnort','tailoring','2015-11-24 00:00:00'),(985,2,1,'degl','geld','2015-11-25 00:00:00'),(986,2,2,'ciilnuv','uncivil','2015-11-25 00:00:00'),(987,2,3,'efoorsstt','footrests','2015-11-25 00:00:00'),(988,2,1,'chko','hock','2015-11-26 00:00:00'),(989,2,2,'cddehou','douched','2015-11-26 00:00:00'),(990,2,3,'cfimnors','confirms','2015-11-26 00:00:00'),(991,2,1,'doow','wood','2015-11-27 00:00:00'),(992,2,2,'ailstuw','lawsuit','2015-11-27 00:00:00'),(993,2,3,'aemnrsttu','transmute','2015-11-27 00:00:00'),(994,2,1,'iquz','quiz','2015-11-28 00:00:00'),(995,2,2,'aeepst','peseta','2015-11-28 00:00:00'),(996,2,3,'beeiilnrt','libertine','2015-11-28 00:00:00'),(997,2,1,'agnow','wagon','2015-11-29 00:00:00'),(998,2,2,'clmnou','column','2015-11-29 00:00:00'),(999,2,3,'aeilmmost','immolates','2015-11-29 00:00:00'),(1000,2,1,'ddeil','idled','2015-11-30 00:00:00'),(1001,2,2,'aelnrs','learns','2015-11-30 00:00:00'),(1002,2,3,'aaeelnrtt','alternate','2015-11-30 00:00:00'),(1003,2,1,'aksu','auks','2015-12-01 00:00:00'),(1004,2,2,'coprrtu','corrupt','2015-12-01 00:00:00'),(1005,2,3,'aeginnrss','ranginess','2015-12-01 00:00:00'),(1006,2,1,'ceko','coke','2015-12-02 00:00:00'),(1007,2,2,'dekkoo','kooked','2015-12-02 00:00:00'),(1008,2,3,'acdhipst','dispatch','2015-12-02 00:00:00'),(1009,2,1,'aaer','area','2015-12-03 00:00:00'),(1010,2,2,'aclnuy','lunacy','2015-12-03 00:00:00'),(1011,2,3,'acehmntw','watchmen','2015-12-03 00:00:00'),(1012,2,1,'ijnn','jinn','2015-12-04 00:00:00'),(1013,2,2,'aeistty','satiety','2015-12-04 00:00:00'),(1014,2,3,'aceiprst','practise','2015-12-04 00:00:00'),(1015,2,1,'chill','chill','2015-12-05 00:00:00'),(1016,2,2,'aefimrr','firearm','2015-12-05 00:00:00'),(1017,2,3,'agiilnsss','isinglass','2015-12-05 00:00:00'),(1018,2,1,'dnosy','synod','2015-12-06 00:00:00'),(1019,2,2,'cegorry','grocery','2015-12-06 00:00:00'),(1020,2,3,'aeggilnn','gleaning','2015-12-06 00:00:00'),(1021,2,1,'gimos','gismo','2015-12-07 00:00:00'),(1022,2,2,'beorstt','bettors','2015-12-07 00:00:00'),(1023,2,3,'agginnot','tangoing','2015-12-07 00:00:00'),(1024,2,1,'bgno','bong','2015-12-08 00:00:00'),(1025,2,2,'abgilnw','bawling','2015-12-08 00:00:00'),(1026,2,3,'acdefiirs','scarified','2015-12-08 00:00:00'),(1027,2,1,'abrst','brats','2015-12-09 00:00:00'),(1028,2,2,'ejknrsu','junkers','2015-12-09 00:00:00'),(1029,2,3,'defilrvy','fervidly','2015-12-09 00:00:00'),(1030,2,1,'esttx','texts','2015-12-10 00:00:00'),(1031,2,2,'deelopx','explode','2015-12-10 00:00:00'),(1032,2,3,'aabilnnu','biannual','2015-12-10 00:00:00'),(1033,2,1,'hirrs','shirr','2015-12-11 00:00:00'),(1034,2,2,'ghilrty','rightly','2015-12-11 00:00:00'),(1035,2,3,'acceehist','catechise','2015-12-11 00:00:00'),(1036,2,1,'iprs','rips','2015-12-12 00:00:00'),(1037,2,2,'aderstt','started','2015-12-12 00:00:00'),(1038,2,3,'aehnprst','panthers','2015-12-12 00:00:00'),(1039,2,1,'cdeim','medic','2015-12-13 00:00:00'),(1040,2,2,'deeeirr','reedier','2015-12-13 00:00:00'),(1041,2,3,'ennorssu','nonusers','2015-12-13 00:00:00'),(1042,2,1,'abkrs','barks','2015-12-14 00:00:00'),(1043,2,2,'elnssu','unless','2015-12-14 00:00:00'),(1044,2,3,'agginnrt','granting','2015-12-14 00:00:00'),(1045,2,1,'deevx','vexed','2015-12-15 00:00:00'),(1046,2,2,'ehprssu','pushers','2015-12-15 00:00:00'),(1047,2,3,'gghiinrt','righting','2015-12-15 00:00:00'),(1048,2,1,'lowy','yowl','2015-12-16 00:00:00'),(1049,2,2,'aeilmr','mailer','2015-12-16 00:00:00'),(1050,2,3,'ehimsswy','whimseys','2015-12-16 00:00:00'),(1051,2,1,'aadmm','madam','2015-12-17 00:00:00'),(1052,2,2,'chnpuy','punchy','2015-12-17 00:00:00'),(1053,2,3,'ddegilos','dislodge','2015-12-17 00:00:00'),(1054,2,1,'cegko','gecko','2015-12-18 00:00:00'),(1055,2,2,'belrtu','butler','2015-12-18 00:00:00'),(1056,2,3,'acdeennst','ascendent','2015-12-18 00:00:00'),(1057,2,1,'aclrw','crawl','2015-12-19 00:00:00'),(1058,2,2,'ginosw','sowing','2015-12-19 00:00:00'),(1059,2,3,'acdeeortv','overacted','2015-12-19 00:00:00'),(1060,2,1,'ffit','tiff','2015-12-20 00:00:00'),(1061,2,2,'agllno','gallon','2015-12-20 00:00:00'),(1062,2,3,'acdeehnst','chastened','2015-12-20 00:00:00'),(1063,2,1,'aikmu','umiak','2015-12-21 00:00:00'),(1064,2,2,'bhillsu','bullish','2015-12-21 00:00:00'),(1065,2,3,'deginrrs','grinders','2015-12-21 00:00:00'),(1066,2,1,'cist','tics','2015-12-22 00:00:00'),(1067,2,2,'adegin','gained','2015-12-22 00:00:00'),(1068,2,3,'fgggilno','flogging','2015-12-22 00:00:00'),(1069,2,1,'elptu','letup','2015-12-23 00:00:00'),(1070,2,2,'enoptt','potent','2015-12-23 00:00:00'),(1071,2,3,'deelnswwy','newlyweds','2015-12-23 00:00:00'),(1072,2,1,'alppy','apply','2015-12-24 00:00:00'),(1073,2,2,'addinor','android','2015-12-24 00:00:00'),(1074,2,3,'efilostt','loftiest','2015-12-24 00:00:00'),(1075,2,1,'bersw','brews','2015-12-25 00:00:00'),(1076,2,2,'efhloox','foxhole','2015-12-25 00:00:00'),(1077,2,3,'ceginopry','recopying','2015-12-25 00:00:00'),(1078,2,1,'cikpy','picky','2015-12-26 00:00:00'),(1079,2,2,'ceijnst','injects','2015-12-26 00:00:00'),(1080,2,3,'bceeiosx','iceboxes','2015-12-26 00:00:00'),(1081,2,1,'aefz','faze','2015-12-27 00:00:00'),(1082,2,2,'dehlrtu','hurtled','2015-12-27 00:00:00'),(1083,2,3,'acdemuuv','vacuumed','2015-12-27 00:00:00'),(1084,2,1,'nssu','suns','2015-12-28 00:00:00'),(1085,2,2,'ddeensu','denudes','2015-12-28 00:00:00'),(1086,2,3,'aghilnoo','hooligan','2015-12-28 00:00:00'),(1087,2,1,'beno','bone','2015-12-29 00:00:00'),(1088,2,2,'aennprs','spanner','2015-12-29 00:00:00'),(1089,2,3,'aehlopsuy','playhouse','2015-12-29 00:00:00'),(1090,2,1,'denrt','trend','2015-12-30 00:00:00'),(1091,2,2,'ghhotu','though','2015-12-30 00:00:00'),(1092,2,3,'abeeillrs','reliables','2015-12-30 00:00:00'),(1093,2,1,'cehtv','vetch','2015-12-31 00:00:00'),(1094,2,2,'bbeginw','webbing','2015-12-31 00:00:00'),(1095,2,3,'degiinost','digestion','2015-12-31 00:00:00'),(1096,2,1,'deku','duke','2014-01-01 00:00:00'),(1097,2,2,'eemorrt','remoter','2014-01-01 00:00:00'),(1098,2,3,'adelmnoop','lampooned','2014-01-01 00:00:00'),(1099,2,1,'bbis','bibs','2014-01-02 00:00:00'),(1100,2,2,'aalmnoy','anomaly','2014-01-02 00:00:00'),(1101,2,3,'ccehorstt','crotchets','2014-01-02 00:00:00'),(1102,2,1,'ekns','kens','2014-01-03 00:00:00'),(1103,2,2,'efilquy','liquefy','2014-01-03 00:00:00'),(1104,2,3,'accdeent','accented','2014-01-03 00:00:00'),(1105,2,1,'fiost','foist','2014-01-04 00:00:00'),(1106,2,2,'dimnopu','impound','2014-01-04 00:00:00'),(1107,2,3,'deiklnprs','sprinkled','2014-01-04 00:00:00'),(1108,2,1,'demoo','mooed','2014-01-05 00:00:00'),(1109,2,2,'eennssu','unseens','2014-01-05 00:00:00'),(1110,2,3,'aagilnwyy','waylaying','2014-01-05 00:00:00'),(1111,2,1,'bbmos','bombs','2014-01-06 00:00:00'),(1112,2,2,'ailnsv','anvils','2014-01-06 00:00:00'),(1113,2,3,'abeeenst','absentee','2014-01-06 00:00:00'),(1114,2,1,'kmru','murk','2014-01-07 00:00:00'),(1115,2,2,'eghluy','hugely','2014-01-07 00:00:00'),(1116,2,3,'abhilnost','biathlons','2014-01-07 00:00:00'),(1117,2,1,'himss','shims','2014-01-08 00:00:00'),(1118,2,2,'ejknrsu','junkers','2014-01-08 00:00:00'),(1119,2,3,'defilrzz','frizzled','2014-01-08 00:00:00'),(1120,2,1,'aalnv','naval','2014-01-09 00:00:00'),(1121,2,2,'eiqstuu','quietus','2014-01-09 00:00:00'),(1122,2,3,'egiiknppr','kippering','2014-01-09 00:00:00'),(1123,2,1,'noxy','onyx','2014-01-10 00:00:00'),(1124,2,2,'acehpst','patches','2014-01-10 00:00:00'),(1125,2,3,'ceeflprty','perfectly','2014-01-10 00:00:00'),(1126,2,1,'chnpu','punch','2014-01-11 00:00:00'),(1127,2,2,'ahlpss','splash','2014-01-11 00:00:00'),(1128,2,3,'eghinrsst','rightness','2014-01-11 00:00:00'),(1129,2,1,'ainno','anion','2014-01-12 00:00:00'),(1130,2,2,'elmpsu','plumes','2014-01-12 00:00:00'),(1131,2,3,'adeehnppr','apprehend','2014-01-12 00:00:00'),(1132,2,1,'estty','testy','2014-01-13 00:00:00'),(1133,2,2,'afikrs','fakirs','2014-01-13 00:00:00'),(1134,2,3,'glnoopsy','polygons','2014-01-13 00:00:00'),(1135,2,1,'deemt','meted','2014-01-14 00:00:00'),(1136,2,2,'aggins','agings','2014-01-14 00:00:00'),(1137,2,3,'eeilnpsss','spineless','2014-01-14 00:00:00'),(1138,2,1,'alppu','pupal','2014-01-15 00:00:00'),(1139,2,2,'afissty','satisfy','2014-01-15 00:00:00'),(1140,2,3,'aaddemnt','mandated','2014-01-15 00:00:00'),(1141,2,1,'empsu','spume','2014-01-16 00:00:00'),(1142,2,2,'deelory','yodeler','2014-01-16 00:00:00'),(1143,2,3,'deenoprsv','overspend','2014-01-16 00:00:00'),(1144,2,1,'egru','urge','2014-01-17 00:00:00'),(1145,2,2,'einnoru','reunion','2014-01-17 00:00:00'),(1146,2,3,'enrssttu','entrusts','2014-01-17 00:00:00'),(1147,2,1,'apsz','zaps','2014-01-18 00:00:00'),(1148,2,2,'aderstt','started','2014-01-18 00:00:00'),(1149,2,3,'acdiilmss','disclaims','2014-01-18 00:00:00'),(1150,2,1,'ittwy','witty','2014-01-19 00:00:00'),(1151,2,2,'aceltuy','acutely','2014-01-19 00:00:00'),(1152,2,3,'adellmsu','medullas','2014-01-19 00:00:00'),(1153,2,1,'innpu','unpin','2014-01-20 00:00:00'),(1154,2,2,'ggghino','hogging','2014-01-20 00:00:00'),(1155,2,3,'bchiioprs','bishopric','2014-01-20 00:00:00'),(1156,2,1,'ckoss','socks','2014-01-21 00:00:00'),(1157,2,2,'abgiiln','bailing','2014-01-21 00:00:00'),(1158,2,3,'dfillory','floridly','2014-01-21 00:00:00'),(1159,2,1,'egssu','guess','2014-01-22 00:00:00'),(1160,2,2,'deeenpr','preened','2014-01-22 00:00:00'),(1161,2,3,'adeiklrr','darklier','2014-01-22 00:00:00'),(1162,2,1,'dimn','mind','2014-01-23 00:00:00'),(1163,2,2,'ceeinst','entices','2014-01-23 00:00:00'),(1164,2,3,'aaadhhprz','haphazard','2014-01-23 00:00:00'),(1165,2,1,'demno','demon','2014-01-24 00:00:00'),(1166,2,2,'aablmsy','abysmal','2014-01-24 00:00:00'),(1167,2,3,'deeinrtw','wintered','2014-01-24 00:00:00'),(1168,2,1,'afikr','fakir','2014-01-25 00:00:00'),(1169,2,2,'ginppsu','supping','2014-01-25 00:00:00'),(1170,2,3,'efhinrssu','furnishes','2014-01-25 00:00:00'),(1171,2,1,'arsw','wars','2014-01-26 00:00:00'),(1172,2,2,'accerrs','scarcer','2014-01-26 00:00:00'),(1173,2,3,'agiklmors','kilograms','2014-01-26 00:00:00'),(1174,2,1,'afiln','final','2014-01-27 00:00:00'),(1175,2,2,'adenss','sedans','2014-01-27 00:00:00'),(1176,2,3,'dfgilnoo','flooding','2014-01-27 00:00:00'),(1177,2,1,'gostu','gusto','2014-01-28 00:00:00'),(1178,2,2,'clortuy','courtly','2014-01-28 00:00:00'),(1179,2,3,'aaeekmns','namesake','2014-01-28 00:00:00'),(1180,2,1,'aabln','banal','2014-01-29 00:00:00'),(1181,2,2,'adfgly','gadfly','2014-01-29 00:00:00'),(1182,2,3,'acelopst','polecats','2014-01-29 00:00:00'),(1183,2,1,'hntu','hunt','2014-01-30 00:00:00'),(1184,2,2,'iprstu','purist','2014-01-30 00:00:00'),(1185,2,3,'adeelmrv','marveled','2014-01-30 00:00:00'),(1186,2,1,'horsy','horsy','2014-01-31 00:00:00'),(1187,2,2,'dehirrw','whirred','2014-01-31 00:00:00'),(1188,2,3,'accehinr','chancier','2014-01-31 00:00:00'),(1189,2,1,'aafr','afar','2014-02-01 00:00:00'),(1190,2,2,'ginopsu','souping','2014-02-01 00:00:00'),(1191,2,3,'adeehrstt','shattered','2014-02-01 00:00:00'),(1192,2,1,'adhny','handy','2014-02-02 00:00:00'),(1193,2,2,'cdeelru','ulcered','2014-02-02 00:00:00'),(1194,2,3,'ceinnosv','connives','2014-02-02 00:00:00'),(1195,2,1,'ddeeg','edged','2014-02-03 00:00:00'),(1196,2,2,'abccilu','cubical','2014-02-03 00:00:00'),(1197,2,3,'dghinoooo','hoodooing','2014-02-03 00:00:00'),(1198,2,1,'aotu','auto','2014-02-04 00:00:00'),(1199,2,2,'eghirtt','tighter','2014-02-04 00:00:00'),(1200,2,3,'efilrrst','triflers','2014-02-04 00:00:00'),(1201,2,1,'deery','reedy','2014-02-05 00:00:00'),(1202,2,2,'aadoprx','paradox','2014-02-05 00:00:00'),(1203,2,3,'abdeilopr','parboiled','2014-02-05 00:00:00'),(1204,2,1,'degru','urged','2014-02-06 00:00:00'),(1205,2,2,'aamnpty','tympana','2014-02-06 00:00:00'),(1206,2,3,'agillnnnu','annulling','2014-02-06 00:00:00'),(1207,2,1,'oosz','zoos','2014-02-07 00:00:00'),(1208,2,2,'dgiinps','pidgins','2014-02-07 00:00:00'),(1209,2,3,'eeeilstv','televise','2014-02-07 00:00:00'),(1210,2,1,'oppr','prop','2014-02-08 00:00:00'),(1211,2,2,'ademnn','manned','2014-02-08 00:00:00'),(1212,2,3,'cehiorsst','ostriches','2014-02-08 00:00:00'),(1213,2,1,'errtu','truer','2014-02-09 00:00:00'),(1214,2,2,'aenpprs','snapper','2014-02-09 00:00:00'),(1215,2,3,'eghiilnrs','relishing','2014-02-09 00:00:00'),(1216,2,1,'eprt','pert','2014-02-10 00:00:00'),(1217,2,2,'bcdehir','birched','2014-02-10 00:00:00'),(1218,2,3,'deeillsvw','swivelled','2014-02-10 00:00:00'),(1219,2,1,'eekln','kneel','2014-02-11 00:00:00'),(1220,2,2,'einpps','pepsin','2014-02-11 00:00:00'),(1221,2,3,'bddeenoru','rebounded','2014-02-11 00:00:00'),(1222,2,1,'eprtw','twerp','2014-02-12 00:00:00'),(1223,2,2,'cdeeitv','evicted','2014-02-12 00:00:00'),(1224,2,3,'deinnoww','winnowed','2014-02-12 00:00:00'),(1225,2,1,'cikps','picks','2014-02-13 00:00:00'),(1226,2,2,'ceeimt','emetic','2014-02-13 00:00:00'),(1227,2,3,'aacellnpt','placental','2014-02-13 00:00:00'),(1228,2,1,'cmssu','scums','2014-02-14 00:00:00'),(1229,2,2,'ddeenv','vended','2014-02-14 00:00:00'),(1230,2,3,'aabddehor','headboard','2014-02-14 00:00:00'),(1231,2,1,'aklt','talk','2014-02-15 00:00:00'),(1232,2,2,'eiillsw','willies','2014-02-15 00:00:00'),(1233,2,3,'afggiintu','fatiguing','2014-02-15 00:00:00'),(1234,2,1,'prsuy','syrup','2014-02-16 00:00:00'),(1235,2,2,'eprrssu','pursers','2014-02-16 00:00:00'),(1236,2,3,'abeirtttu','attribute','2014-02-16 00:00:00'),(1237,2,1,'ssuw','wuss','2014-02-17 00:00:00'),(1238,2,2,'dehlrru','hurdler','2014-02-17 00:00:00'),(1239,2,3,'achimmoss','masochism','2014-02-17 00:00:00'),(1240,2,1,'emopt','tempo','2014-02-18 00:00:00'),(1241,2,2,'cdeeir','deicer','2014-02-18 00:00:00'),(1242,2,3,'aeilnrtv','interval','2014-02-18 00:00:00'),(1243,2,1,'aannw','wanna','2014-02-19 00:00:00'),(1244,2,2,'deettv','vetted','2014-02-19 00:00:00'),(1245,2,3,'aabcenort','carbonate','2014-02-19 00:00:00'),(1246,2,1,'abcel','cable','2014-02-20 00:00:00'),(1247,2,2,'aefinr','fainer','2014-02-20 00:00:00'),(1248,2,3,'deiinoprt','perdition','2014-02-20 00:00:00'),(1249,2,1,'dgru','drug','2014-02-21 00:00:00'),(1250,2,2,'agilnpy','playing','2014-02-21 00:00:00'),(1251,2,3,'aaeenrtt','anteater','2014-02-21 00:00:00'),(1252,2,1,'egooy','gooey','2014-02-22 00:00:00'),(1253,2,2,'ddeiost','toddies','2014-02-22 00:00:00'),(1254,2,3,'aacemrsss','massacres','2014-02-22 00:00:00'),(1255,2,1,'hiksw','whisk','2014-02-23 00:00:00'),(1256,2,2,'eefimnr','firemen','2014-02-23 00:00:00'),(1257,2,3,'aeklmrsuy','yarmulkes','2014-02-23 00:00:00'),(1258,2,1,'aens','sane','2014-02-24 00:00:00'),(1259,2,2,'acfgins','facings','2014-02-24 00:00:00'),(1260,2,3,'dginnorw','drowning','2014-02-24 00:00:00'),(1261,2,1,'achms','chasm','2014-02-25 00:00:00'),(1262,2,2,'dennou','undone','2014-02-25 00:00:00'),(1263,2,3,'bcehlost','blotches','2014-02-25 00:00:00'),(1264,2,1,'cist','tics','2014-02-26 00:00:00'),(1265,2,2,'aellrt','taller','2014-02-26 00:00:00'),(1266,2,3,'ccdeiinos','coincides','2014-02-26 00:00:00'),(1267,2,1,'asswy','sways','2014-02-27 00:00:00'),(1268,2,2,'begrrsu','burgers','2014-02-27 00:00:00'),(1269,2,3,'cginoprru','procuring','2014-02-27 00:00:00'),(1270,2,1,'gotuy','gouty','2014-02-28 00:00:00'),(1271,2,2,'adenpr','pander','2014-02-28 00:00:00'),(1272,2,3,'acddkory','dockyard','2014-02-28 00:00:00'),(1273,2,1,'agssw','swags','2014-03-01 00:00:00'),(1274,2,2,'adegss','gassed','2014-03-01 00:00:00'),(1275,2,3,'eegilnrrs','lingerers','2014-03-01 00:00:00'),(1276,2,1,'ehlpw','whelp','2014-03-02 00:00:00'),(1277,2,2,'egimnow','meowing','2014-03-02 00:00:00'),(1278,2,3,'abchiost','cohabits','2014-03-02 00:00:00'),(1279,2,1,'ceps','spec','2014-03-03 00:00:00'),(1280,2,2,'deossyy','odyssey','2014-03-03 00:00:00'),(1281,2,3,'ehiorstwz','howitzers','2014-03-03 00:00:00'),(1282,2,1,'filty','fitly','2014-03-04 00:00:00'),(1283,2,2,'deiinot','edition','2014-03-04 00:00:00'),(1284,2,3,'deeimrtt','remitted','2014-03-04 00:00:00'),(1285,2,1,'intu','unit','2014-03-05 00:00:00'),(1286,2,2,'eosssu','souses','2014-03-05 00:00:00'),(1287,2,3,'afghiint','faithing','2014-03-05 00:00:00'),(1288,2,1,'fglsu','gulfs','2014-03-06 00:00:00'),(1289,2,2,'filnor','florin','2014-03-06 00:00:00'),(1290,2,3,'eefilmnr','riflemen','2014-03-06 00:00:00'),(1291,2,1,'enrru','rerun','2014-03-07 00:00:00'),(1292,2,2,'agillny','allying','2014-03-07 00:00:00'),(1293,2,3,'achkoprtw','patchwork','2014-03-07 00:00:00'),(1294,2,1,'ehmry','rhyme','2014-03-08 00:00:00'),(1295,2,2,'beiinrr','brinier','2014-03-08 00:00:00'),(1296,2,3,'inossstuw','snowsuits','2014-03-08 00:00:00'),(1297,2,1,'almny','manly','2014-03-09 00:00:00'),(1298,2,2,'aaaeimn','anaemia','2014-03-09 00:00:00'),(1299,2,3,'aacenrssu','assurance','2014-03-09 00:00:00'),(1300,2,1,'akmrs','marks','2014-03-10 00:00:00'),(1301,2,2,'adgnors','dragons','2014-03-10 00:00:00'),(1302,2,3,'beeorswy','eyebrows','2014-03-10 00:00:00'),(1303,2,1,'adipr','rapid','2014-03-11 00:00:00'),(1304,2,2,'dgorsu','gourds','2014-03-11 00:00:00'),(1305,2,3,'aceehnopr','chaperone','2014-03-11 00:00:00'),(1306,2,1,'imnst','mints','2014-03-12 00:00:00'),(1307,2,2,'eorrstt','retorts','2014-03-12 00:00:00'),(1308,2,3,'aelnpttu','petulant','2014-03-12 00:00:00'),(1309,2,1,'eipss','spies','2014-03-13 00:00:00'),(1310,2,2,'eippsuy','yuppies','2014-03-13 00:00:00'),(1311,2,3,'adehnsuw','unwashed','2014-03-13 00:00:00'),(1312,2,1,'hinss','shins','2014-03-14 00:00:00'),(1313,2,2,'egoorsv','grooves','2014-03-14 00:00:00'),(1314,2,3,'abcdkloor','roadblock','2014-03-14 00:00:00'),(1315,2,1,'ejtty','jetty','2014-03-15 00:00:00'),(1316,2,2,'aadensu','saunaed','2014-03-15 00:00:00'),(1317,2,3,'ghiklnty','knightly','2014-03-15 00:00:00'),(1318,2,1,'agiln','align','2014-03-16 00:00:00'),(1319,2,2,'bkoors','brooks','2014-03-16 00:00:00'),(1320,2,3,'ehiksstu','huskiest','2014-03-16 00:00:00'),(1321,2,1,'abnrs','barns','2014-03-17 00:00:00'),(1322,2,2,'acekknr','knacker','2014-03-17 00:00:00'),(1323,2,3,'abddeeprs','bedspread','2014-03-17 00:00:00'),(1324,2,1,'dgils','gilds','2014-03-18 00:00:00'),(1325,2,2,'abclot','cobalt','2014-03-18 00:00:00'),(1326,2,3,'aaehlnpsx','phalanxes','2014-03-18 00:00:00'),(1327,2,1,'alorv','valor','2014-03-19 00:00:00'),(1328,2,2,'aghprs','graphs','2014-03-19 00:00:00'),(1329,2,3,'abgiimtuy','ambiguity','2014-03-19 00:00:00'),(1330,2,1,'jlow','jowl','2014-03-20 00:00:00'),(1331,2,2,'akmnsu','unmask','2014-03-20 00:00:00'),(1332,2,3,'ginoopwww','powwowing','2014-03-20 00:00:00'),(1333,2,1,'alpst','splat','2014-03-21 00:00:00'),(1334,2,2,'ehikrsu','huskier','2014-03-21 00:00:00'),(1335,2,3,'aeefnsss','safeness','2014-03-21 00:00:00'),(1336,2,1,'eesx','exes','2014-03-22 00:00:00'),(1337,2,2,'bdnoruw','rubdown','2014-03-22 00:00:00'),(1338,2,3,'bbbgilnu','bubbling','2014-03-22 00:00:00'),(1339,2,1,'eflls','fells','2014-03-23 00:00:00'),(1340,2,2,'aeegops','apogees','2014-03-23 00:00:00'),(1341,2,3,'adehnopr','orphaned','2014-03-23 00:00:00'),(1342,2,1,'eeelv','levee','2014-03-24 00:00:00'),(1343,2,2,'gginrsu','surging','2014-03-24 00:00:00'),(1344,2,3,'abeegmors','embargoes','2014-03-24 00:00:00'),(1345,2,1,'csty','cyst','2014-03-25 00:00:00'),(1346,2,2,'bdelmpu','plumbed','2014-03-25 00:00:00'),(1347,2,3,'aceiorstz','ostracize','2014-03-25 00:00:00'),(1348,2,1,'ccikl','click','2014-03-26 00:00:00'),(1349,2,2,'aabdghn','handbag','2014-03-26 00:00:00'),(1350,2,3,'bdenostuw','westbound','2014-03-26 00:00:00'),(1351,2,1,'bcirs','cribs','2014-03-27 00:00:00'),(1352,2,2,'chlrsu','churls','2014-03-27 00:00:00'),(1353,2,3,'bdeehilms','blemished','2014-03-27 00:00:00'),(1354,2,1,'fglnu','flung','2014-03-28 00:00:00'),(1355,2,2,'ijrsstu','jurists','2014-03-28 00:00:00'),(1356,2,3,'eeirrssst','resisters','2014-03-28 00:00:00'),(1357,2,1,'oprs','pros','2014-03-29 00:00:00'),(1358,2,2,'aegllno','galleon','2014-03-29 00:00:00'),(1359,2,3,'deeinssw','wideness','2014-03-29 00:00:00'),(1360,2,1,'efstu','fetus','2014-03-30 00:00:00'),(1361,2,2,'adiosv','avoids','2014-03-30 00:00:00'),(1362,2,3,'dnnossuw','sundowns','2014-03-30 00:00:00'),(1363,2,1,'acmos','comas','2014-03-30 23:00:00'),(1364,2,2,'eginsu','genius','2014-03-30 23:00:00'),(1365,2,3,'eefipsstu','stupefies','2014-03-30 23:00:00'),(1366,2,1,'emssu','muses','2014-03-31 23:00:00'),(1367,2,2,'ahisst','saiths','2014-03-31 23:00:00'),(1368,2,3,'adegginrr','regarding','2014-03-31 23:00:00'),(1369,2,1,'desz','zeds','2014-04-01 23:00:00'),(1370,2,2,'cceinos','concise','2014-04-01 23:00:00'),(1371,2,3,'bdorsuwzz','buzzwords','2014-04-01 23:00:00'),(1372,2,1,'bnoos','boons','2014-04-02 23:00:00'),(1373,2,2,'aaceimn','anaemic','2014-04-02 23:00:00'),(1374,2,3,'enorstuuv','venturous','2014-04-02 23:00:00'),(1375,2,1,'gmpyy','pygmy','2014-04-03 23:00:00'),(1376,2,2,'cdeltu','dulcet','2014-04-03 23:00:00'),(1377,2,3,'efgiillnr','refilling','2014-04-03 23:00:00'),(1378,2,1,'ftuz','futz','2014-04-04 23:00:00'),(1379,2,2,'abdeet','debate','2014-04-04 23:00:00'),(1380,2,3,'beeeefrs','freebees','2014-04-04 23:00:00'),(1381,2,1,'bdduy','buddy','2014-04-05 23:00:00'),(1382,2,2,'ellosy','solely','2014-04-05 23:00:00'),(1383,2,3,'aeegnrrv','engraver','2014-04-05 23:00:00'),(1384,2,1,'cehil','chile','2014-04-06 23:00:00'),(1385,2,2,'eensstt','tensest','2014-04-06 23:00:00'),(1386,2,3,'afklnstu','tankfuls','2014-04-06 23:00:00'),(1387,2,1,'abmru','rumba','2014-04-07 23:00:00'),(1388,2,2,'filssuy','fussily','2014-04-07 23:00:00'),(1389,2,3,'ackllpssu','skullcaps','2014-04-07 23:00:00'),(1390,2,1,'chko','hock','2014-04-08 23:00:00'),(1391,2,2,'adehirw','rawhide','2014-04-08 23:00:00'),(1392,2,3,'aabrrsuv','bravuras','2014-04-08 23:00:00'),(1393,2,1,'abkl','balk','2014-04-09 23:00:00'),(1394,2,2,'eeflrru','ferrule','2014-04-09 23:00:00'),(1395,2,3,'ahiilrstt','shirttail','2014-04-09 23:00:00'),(1396,2,1,'deksu','dukes','2014-04-10 23:00:00'),(1397,2,2,'enortt','rotten','2014-04-10 23:00:00'),(1398,2,3,'abelllsy','syllable','2014-04-10 23:00:00'),(1399,2,1,'ehpy','hype','2014-04-11 23:00:00'),(1400,2,2,'cddeeir','decried','2014-04-11 23:00:00'),(1401,2,3,'aaeegirtv','variegate','2014-04-11 23:00:00'),(1402,2,1,'cfmoy','comfy','2014-04-12 23:00:00'),(1403,2,2,'aalpsz','plazas','2014-04-12 23:00:00'),(1404,2,3,'ceeenqssu','sequences','2014-04-12 23:00:00'),(1405,2,1,'eltux','exult','2014-04-13 23:00:00'),(1406,2,2,'adginns','sanding','2014-04-13 23:00:00'),(1407,2,3,'adeelsty','sedately','2014-04-13 23:00:00'),(1408,2,1,'ceimn','mince','2014-04-14 23:00:00'),(1409,2,2,'cehiksy','hickeys','2014-04-14 23:00:00'),(1410,2,3,'eilmoprs','implores','2014-04-14 23:00:00'),(1411,2,1,'dkosu','kudos','2014-04-15 23:00:00'),(1412,2,2,'fhilty','filthy','2014-04-15 23:00:00'),(1413,2,3,'aeelnrsst','alertness','2014-04-15 23:00:00'),(1414,2,1,'aakmr','karma','2014-04-16 23:00:00'),(1415,2,2,'aiilrtv','trivial','2014-04-16 23:00:00'),(1416,2,3,'aeellrsvy','severally','2014-04-16 23:00:00'),(1417,2,1,'ailqu','quail','2014-04-17 23:00:00'),(1418,2,2,'eggnrsu','snugger','2014-04-17 23:00:00'),(1419,2,3,'adgiillo','gladioli','2014-04-17 23:00:00'),(1420,2,1,'estz','zest','2014-04-18 23:00:00'),(1421,2,2,'deffist','stiffed','2014-04-18 23:00:00'),(1422,2,3,'cegiinrt','reciting','2014-04-18 23:00:00'),(1423,2,1,'ellps','spell','2014-04-19 23:00:00'),(1424,2,2,'adegorw','dowager','2014-04-19 23:00:00'),(1425,2,3,'eilmpssu','impulses','2014-04-19 23:00:00'),(1426,2,1,'deiox','oxide','2014-04-20 23:00:00'),(1427,2,2,'deinpps','snipped','2014-04-20 23:00:00'),(1428,2,3,'deiilnprs','spindlier','2014-04-20 23:00:00'),(1429,2,1,'ahpry','harpy','2014-04-21 23:00:00'),(1430,2,2,'deegsu','segued','2014-04-21 23:00:00'),(1431,2,3,'cdeennott','contented','2014-04-21 23:00:00'),(1432,2,1,'ablos','bolas','2014-04-22 23:00:00'),(1433,2,2,'aafirs','safari','2014-04-22 23:00:00'),(1434,2,3,'giilmnpw','wimpling','2014-04-22 23:00:00'),(1435,2,1,'cdeis','dices','2014-04-23 23:00:00'),(1436,2,2,'enostuu','tenuous','2014-04-23 23:00:00'),(1437,2,3,'aalnnrsu','annulars','2014-04-23 23:00:00'),(1438,2,1,'attu','taut','2014-04-24 23:00:00'),(1439,2,2,'adeptu','update','2014-04-24 23:00:00'),(1440,2,3,'adeimnsty','dynamites','2014-04-24 23:00:00'),(1441,2,1,'ailty','laity','2014-04-25 23:00:00'),(1442,2,2,'ailmnu','alumni','2014-04-25 23:00:00'),(1443,2,3,'aeeirsstt','treatises','2014-04-25 23:00:00'),(1444,2,1,'eepst','steep','2014-04-26 23:00:00'),(1445,2,2,'deiopss','dispose','2014-04-26 23:00:00'),(1446,2,3,'fhilorsu','flourish','2014-04-26 23:00:00'),(1447,2,1,'aaegv','agave','2014-04-27 23:00:00'),(1448,2,2,'beeinos','ebonies','2014-04-27 23:00:00'),(1449,2,3,'efiklstu','flukiest','2014-04-27 23:00:00'),(1450,2,1,'beno','bone','2014-04-28 23:00:00'),(1451,2,2,'aflmoru','formula','2014-04-28 23:00:00'),(1452,2,3,'aeiilnrst','saintlier','2014-04-28 23:00:00'),(1453,2,1,'hipty','pithy','2014-04-29 23:00:00'),(1454,2,2,'efirvy','verify','2014-04-29 23:00:00'),(1455,2,3,'abdenotw','downbeat','2014-04-29 23:00:00'),(1456,2,1,'iknw','wink','2014-04-30 23:00:00'),(1457,2,2,'aehorx','hoaxer','2014-04-30 23:00:00'),(1458,2,3,'abdeehrt','breathed','2014-04-30 23:00:00'),(1459,2,1,'bceu','cube','2014-05-01 23:00:00'),(1460,2,2,'aeelmss','measles','2014-05-01 23:00:00'),(1461,2,3,'bhllooott','tollbooth','2014-05-01 23:00:00'),(1462,2,1,'inrsu','ruins','2014-05-02 23:00:00'),(1463,2,2,'adilms','dismal','2014-05-02 23:00:00'),(1464,2,3,'acdehpst','despatch','2014-05-02 23:00:00'),(1465,2,1,'noty','tony','2014-05-03 23:00:00'),(1466,2,2,'egilrtt','glitter','2014-05-03 23:00:00'),(1467,2,3,'deinsttuw','untwisted','2014-05-03 23:00:00'),(1468,2,1,'aghoy','hoagy','2014-05-04 23:00:00'),(1469,2,2,'deeirtv','riveted','2014-05-04 23:00:00'),(1470,2,3,'bfghilltu','bullfight','2014-05-04 23:00:00'),(1471,2,1,'flux','flux','2014-05-05 23:00:00'),(1472,2,2,'aeeirrw','wearier','2014-05-05 23:00:00'),(1473,2,3,'aacgimprt','pragmatic','2014-05-05 23:00:00'),(1474,2,1,'adnsy','sandy','2014-05-06 23:00:00'),(1475,2,2,'bblrsu','blurbs','2014-05-06 23:00:00'),(1476,2,3,'aeflmoru','formulae','2014-05-06 23:00:00'),(1477,2,1,'floor','floor','2014-05-07 23:00:00'),(1478,2,2,'acdehrt','charted','2014-05-07 23:00:00'),(1479,2,3,'cceilnuy','unicycle','2014-05-07 23:00:00'),(1480,2,1,'ikny','inky','2014-05-08 23:00:00'),(1481,2,2,'behllop','bellhop','2014-05-08 23:00:00'),(1482,2,3,'aeginnoss','seasoning','2014-05-08 23:00:00'),(1483,2,1,'emrtu','muter','2014-05-09 23:00:00'),(1484,2,2,'beflry','belfry','2014-05-09 23:00:00'),(1485,2,3,'adeegillz','legalized','2014-05-09 23:00:00'),(1486,2,1,'inppu','pinup','2014-05-10 23:00:00'),(1487,2,2,'aenoppr','propane','2014-05-10 23:00:00'),(1488,2,3,'ccdefiiru','crucified','2014-05-10 23:00:00'),(1489,2,1,'einnu','ennui','2014-05-11 23:00:00'),(1490,2,2,'demoot','mooted','2014-05-11 23:00:00'),(1491,2,3,'aegorrtt','garrotte','2014-05-11 23:00:00'),(1492,2,1,'eghiw','weigh','2014-05-12 23:00:00'),(1493,2,2,'cegiknp','pecking','2014-05-12 23:00:00'),(1494,2,3,'giimmnsw','swimming','2014-05-12 23:00:00'),(1495,2,1,'aaflt','fatal','2014-05-13 23:00:00'),(1496,2,2,'aciils','silica','2014-05-13 23:00:00'),(1497,2,3,'aeemnnos','anemones','2014-05-13 23:00:00'),(1498,2,1,'ceorw','cower','2014-05-14 23:00:00'),(1499,2,2,'aloprrs','parlors','2014-05-14 23:00:00'),(1500,2,3,'aegnrsstt','strangest','2014-05-14 23:00:00'),(1501,2,1,'gnnuy','gunny','2014-05-15 23:00:00'),(1502,2,2,'chhintu','unhitch','2014-05-15 23:00:00'),(1503,2,3,'eeilprst','reptiles','2014-05-15 23:00:00'),(1504,2,1,'enrsw','wrens','2014-05-16 23:00:00'),(1505,2,2,'abciss','basics','2014-05-16 23:00:00'),(1506,2,3,'aceehprr','preacher','2014-05-16 23:00:00'),(1507,2,1,'adhsy','shady','2014-05-17 23:00:00'),(1508,2,2,'adilqsu','squalid','2014-05-17 23:00:00'),(1509,2,3,'eeennssst','tenseness','2014-05-17 23:00:00'),(1510,2,1,'bdeoo','booed','2014-05-18 23:00:00'),(1511,2,2,'deippt','tipped','2014-05-18 23:00:00'),(1512,2,3,'afgilmnos','flamingos','2014-05-18 23:00:00'),(1513,2,1,'eimss','semis','2014-05-19 23:00:00'),(1514,2,2,'agjlmos','logjams','2014-05-19 23:00:00'),(1515,2,3,'aiiprrsst','airstrips','2014-05-19 23:00:00'),(1516,2,1,'gllu','gull','2014-05-20 23:00:00'),(1517,2,2,'cehnqu','quench','2014-05-20 23:00:00'),(1518,2,3,'aginqsttu','squatting','2014-05-20 23:00:00'),(1519,2,1,'cchko','chock','2014-05-21 23:00:00'),(1520,2,2,'ginost','ingots','2014-05-21 23:00:00'),(1521,2,3,'acdeinoss','diocesans','2014-05-21 23:00:00'),(1522,2,1,'fiins','finis','2014-05-22 23:00:00'),(1523,2,2,'ioprsst','riposts','2014-05-22 23:00:00'),(1524,2,3,'bdeeirrsv','riverbeds','2014-05-22 23:00:00'),(1525,2,1,'agnow','wagon','2014-05-23 23:00:00'),(1526,2,2,'deelpst','pestled','2014-05-23 23:00:00'),(1527,2,3,'deijnnruu','uninjured','2014-05-23 23:00:00'),(1528,2,1,'ahkny','hanky','2014-05-24 23:00:00'),(1529,2,2,'dehirrs','shirred','2014-05-24 23:00:00'),(1530,2,3,'ceeilrsuv','reclusive','2014-05-24 23:00:00'),(1531,2,1,'hikrs','shirk','2014-05-25 23:00:00'),(1532,2,2,'adimswy','midways','2014-05-25 23:00:00'),(1533,2,3,'ccghinno','conching','2014-05-25 23:00:00'),(1534,2,1,'efor','fore','2014-05-26 23:00:00'),(1535,2,2,'aagilnv','vaginal','2014-05-26 23:00:00'),(1536,2,3,'beiiikmn','minibike','2014-05-26 23:00:00'),(1537,2,1,'hopsy','hypos','2014-05-27 23:00:00'),(1538,2,2,'dhilrty','thirdly','2014-05-27 23:00:00'),(1539,2,3,'ceioorrsv','corrosive','2014-05-27 23:00:00'),(1540,2,1,'aadrr','radar','2014-05-28 23:00:00'),(1541,2,2,'bblosuu','bulbous','2014-05-28 23:00:00'),(1542,2,3,'deinppuz','unzipped','2014-05-28 23:00:00'),(1543,2,1,'eoprw','power','2014-05-29 23:00:00'),(1544,2,2,'abbdest','stabbed','2014-05-29 23:00:00'),(1545,2,3,'deeeiprrv','reprieved','2014-05-29 23:00:00'),(1546,2,1,'almss','slams','2014-05-30 23:00:00'),(1547,2,2,'dlnuuy','unduly','2014-05-30 23:00:00'),(1548,2,3,'aeeggmort','mortgagee','2014-05-30 23:00:00'),(1549,2,1,'istxy','sixty','2014-05-31 23:00:00'),(1550,2,2,'eefltt','fettle','2014-05-31 23:00:00'),(1551,2,3,'beeginrz','breezing','2014-05-31 23:00:00'),(1552,2,1,'chhit','hitch','2014-06-01 23:00:00'),(1553,2,2,'ddeegw','wedged','2014-06-01 23:00:00'),(1554,2,3,'egiiprsw','periwigs','2014-06-01 23:00:00'),(1555,2,1,'oprxy','proxy','2014-06-02 23:00:00'),(1556,2,2,'bgiilns','sibling','2014-06-02 23:00:00'),(1557,2,3,'deikrsvy','skydiver','2014-06-02 23:00:00'),(1558,2,1,'adlou','aloud','2014-06-03 23:00:00'),(1559,2,2,'deelsu','eludes','2014-06-03 23:00:00'),(1560,2,3,'eeinnpsst','ineptness','2014-06-03 23:00:00'),(1561,2,1,'artty','ratty','2014-06-04 23:00:00'),(1562,2,2,'aadegms','damages','2014-06-04 23:00:00'),(1563,2,3,'ginnrrtuu','nurturing','2014-06-04 23:00:00'),(1564,2,1,'eissw','wises','2014-06-05 23:00:00'),(1565,2,2,'aclsstu','cutlass','2014-06-05 23:00:00'),(1566,2,3,'eeipprrss','perspires','2014-06-05 23:00:00'),(1567,2,1,'aegms','games','2014-06-06 23:00:00'),(1568,2,2,'ailrttu','titular','2014-06-06 23:00:00'),(1569,2,3,'cdefinos','confides','2014-06-06 23:00:00'),(1570,2,1,'ehosu','house','2014-06-07 23:00:00'),(1571,2,2,'bccmsuu','succumb','2014-06-07 23:00:00'),(1572,2,3,'egiilnntt','entitling','2014-06-07 23:00:00'),(1573,2,1,'belss','bless','2014-06-08 23:00:00'),(1574,2,2,'aceotv','octave','2014-06-08 23:00:00'),(1575,2,3,'ehillrrs','shriller','2014-06-08 23:00:00'),(1576,2,1,'alppy','apply','2014-06-09 23:00:00'),(1577,2,2,'bdenrtu','brunted','2014-06-09 23:00:00'),(1578,2,3,'aeegipqu','equipage','2014-06-09 23:00:00'),(1579,2,1,'absw','swab','2014-06-10 23:00:00'),(1580,2,2,'arstux','surtax','2014-06-10 23:00:00'),(1581,2,3,'aabdlorr','larboard','2014-06-10 23:00:00'),(1582,2,1,'cehim','chime','2014-06-11 23:00:00'),(1583,2,2,'bcektu','bucket','2014-06-11 23:00:00'),(1584,2,3,'eiilprtuy','puerility','2014-06-11 23:00:00'),(1585,2,1,'iklss','silks','2014-06-12 23:00:00'),(1586,2,2,'dejlot','jolted','2014-06-12 23:00:00'),(1587,2,3,'aabeelrtt','treatable','2014-06-12 23:00:00'),(1588,2,1,'einrv','riven','2014-06-13 23:00:00'),(1589,2,2,'deemnrs','menders','2014-06-13 23:00:00'),(1590,2,3,'deelopsx','explodes','2014-06-13 23:00:00'),(1591,2,1,'coyz','cozy','2014-06-14 23:00:00'),(1592,2,2,'abgikns','basking','2014-06-14 23:00:00'),(1593,2,3,'ccenoort','concerto','2014-06-14 23:00:00'),(1594,2,1,'clnow','clown','2014-06-15 23:00:00'),(1595,2,2,'ainprtu','puritan','2014-06-15 23:00:00'),(1596,2,3,'eefginrst','festering','2014-06-15 23:00:00'),(1597,2,1,'deinv','vined','2014-06-16 23:00:00'),(1598,2,2,'beilmo','mobile','2014-06-16 23:00:00'),(1599,2,3,'aegiilnrt','retailing','2014-06-16 23:00:00'),(1600,2,1,'abkly','balky','2014-06-17 23:00:00'),(1601,2,2,'eelnst','nestle','2014-06-17 23:00:00'),(1602,2,3,'aacddeint','candidate','2014-06-17 23:00:00'),(1603,2,1,'beij','jibe','2014-06-18 23:00:00'),(1604,2,2,'eoorrt','rooter','2014-06-18 23:00:00'),(1605,2,3,'bmnoossu','unbosoms','2014-06-18 23:00:00'),(1606,2,1,'fosty','softy','2014-06-19 23:00:00'),(1607,2,2,'defitt','fitted','2014-06-19 23:00:00'),(1608,2,3,'deeikllr','killdeer','2014-06-19 23:00:00'),(1609,2,1,'iiksw','kiwis','2014-06-20 23:00:00'),(1610,2,2,'adhosw','shadow','2014-06-20 23:00:00'),(1611,2,3,'ioprstttu','outstript','2014-06-20 23:00:00'),(1612,2,1,'admns','damns','2014-06-21 23:00:00'),(1613,2,2,'beeersz','breezes','2014-06-21 23:00:00'),(1614,2,3,'efhinsst','fishnets','2014-06-21 23:00:00'),(1615,2,1,'ceill','celli','2014-06-22 23:00:00'),(1616,2,2,'aellmrs','smaller','2014-06-22 23:00:00'),(1617,2,3,'abdeelmpr','preambled','2014-06-22 23:00:00'),(1618,2,1,'gnouy','young','2014-06-23 23:00:00'),(1619,2,2,'beinnsu','bunnies','2014-06-23 23:00:00'),(1620,2,3,'agiimmnrt','immigrant','2014-06-23 23:00:00'),(1621,2,1,'abkls','balks','2014-06-24 23:00:00'),(1622,2,2,'bffginu','buffing','2014-06-24 23:00:00'),(1623,2,3,'aceginps','escaping','2014-06-24 23:00:00'),(1624,2,1,'acill','lilac','2014-06-25 23:00:00'),(1625,2,2,'eeehrrs','sheerer','2014-06-25 23:00:00'),(1626,2,3,'adeghinnr','hardening','2014-06-25 23:00:00'),(1627,2,1,'eilu','lieu','2014-06-26 23:00:00'),(1628,2,2,'celmpru','crumple','2014-06-26 23:00:00'),(1629,2,3,'egnoorrvw','overgrown','2014-06-26 23:00:00'),(1630,2,1,'ddeio','diode','2014-06-27 23:00:00'),(1631,2,2,'dehlors','holders','2014-06-27 23:00:00'),(1632,2,3,'aaemrstu','amateurs','2014-06-27 23:00:00'),(1633,2,1,'aguyz','gauzy','2014-06-28 23:00:00'),(1634,2,2,'filnors','florins','2014-06-28 23:00:00'),(1635,2,3,'ehopprsy','prophesy','2014-06-28 23:00:00'),(1636,2,1,'hirrw','whirr','2014-06-29 23:00:00'),(1637,2,2,'eilmpru','lumpier','2014-06-29 23:00:00'),(1638,2,3,'aaeglsvy','savagely','2014-06-29 23:00:00'),(1639,2,1,'dootu','outdo','2014-06-30 23:00:00'),(1640,2,2,'deiprss','spiders','2014-06-30 23:00:00'),(1641,2,3,'aadlrwwyy','waywardly','2014-06-30 23:00:00'),(1642,2,1,'opru','pour','2014-07-01 23:00:00'),(1643,2,2,'acnnosy','canyons','2014-07-01 23:00:00'),(1644,2,3,'ddghilnu','huddling','2014-07-01 23:00:00'),(1645,2,1,'flost','lofts','2014-07-02 23:00:00'),(1646,2,2,'aacelmr','caramel','2014-07-02 23:00:00'),(1647,2,3,'elmoorst','tremolos','2014-07-02 23:00:00'),(1648,2,1,'abbrs','barbs','2014-07-03 23:00:00'),(1649,2,2,'ilopss','spoils','2014-07-03 23:00:00'),(1650,2,3,'eefghirrt','freighter','2014-07-03 23:00:00'),(1651,2,1,'ccimo','comic','2014-07-04 23:00:00'),(1652,2,2,'acehkr','hacker','2014-07-04 23:00:00'),(1653,2,3,'eefilstvy','festively','2014-07-04 23:00:00'),(1654,2,1,'achst','chats','2014-07-05 23:00:00'),(1655,2,2,'aarsty','astray','2014-07-05 23:00:00'),(1656,2,3,'abeeilmtt','timetable','2014-07-05 23:00:00'),(1657,2,1,'abtty','batty','2014-07-06 23:00:00'),(1658,2,2,'acehiss','chaises','2014-07-06 23:00:00'),(1659,2,3,'behinsssu','bushiness','2014-07-06 23:00:00'),(1660,2,1,'alsty','salty','2014-07-07 23:00:00'),(1661,2,2,'aeeegnt','teenage','2014-07-07 23:00:00'),(1662,2,3,'eginrsuvy','surveying','2014-07-07 23:00:00'),(1663,2,1,'bbdee','ebbed','2014-07-08 23:00:00'),(1664,2,2,'abeksst','baskets','2014-07-08 23:00:00'),(1665,2,3,'aachkssty','haystacks','2014-07-08 23:00:00'),(1666,2,1,'giltu','guilt','2014-07-09 23:00:00'),(1667,2,2,'aeimrrs','marries','2014-07-09 23:00:00'),(1668,2,3,'agiklnop','polkaing','2014-07-09 23:00:00'),(1669,2,1,'errwy','wryer','2014-07-10 23:00:00'),(1670,2,2,'acfipy','pacify','2014-07-10 23:00:00'),(1671,2,3,'aaerstwwy','waterways','2014-07-10 23:00:00'),(1672,2,1,'eegky','geeky','2014-07-11 23:00:00'),(1673,2,2,'agilnw','waling','2014-07-11 23:00:00'),(1674,2,3,'deeinpss','dispense','2014-07-11 23:00:00'),(1675,2,1,'gnost','tongs','2014-07-12 23:00:00'),(1676,2,2,'ddeflno','fondled','2014-07-12 23:00:00'),(1677,2,3,'cgiinprtu','picturing','2014-07-12 23:00:00'),(1678,2,1,'rstty','tryst','2014-07-13 23:00:00'),(1679,2,2,'aeilnt','entail','2014-07-13 23:00:00'),(1680,2,3,'ghiimmnw','whimming','2014-07-13 23:00:00'),(1681,2,1,'ceko','coke','2014-07-14 23:00:00'),(1682,2,2,'agiklns','slaking','2014-07-14 23:00:00'),(1683,2,3,'abdhillns','handbills','2014-07-14 23:00:00'),(1684,2,1,'elms','elms','2014-07-15 23:00:00'),(1685,2,2,'abeiit','tibiae','2014-07-15 23:00:00'),(1686,2,3,'aabeirssv','abrasives','2014-07-15 23:00:00'),(1687,2,1,'cktu','tuck','2014-07-16 23:00:00'),(1688,2,2,'aemsss','masses','2014-07-16 23:00:00'),(1689,2,3,'dnnorstuw','downturns','2014-07-16 23:00:00'),(1690,2,1,'aglls','galls','2014-07-17 23:00:00'),(1691,2,2,'abdelms','bedlams','2014-07-17 23:00:00'),(1692,2,3,'ddekmosu','dukedoms','2014-07-17 23:00:00'),(1693,2,1,'gistw','twigs','2014-07-18 23:00:00'),(1694,2,2,'eorssw','sowers','2014-07-18 23:00:00'),(1695,2,3,'addeelnu','unleaded','2014-07-18 23:00:00'),(1696,2,1,'acpst','pacts','2014-07-19 23:00:00'),(1697,2,2,'aginwy','yawing','2014-07-19 23:00:00'),(1698,2,3,'adeeprtz','trapezed','2014-07-19 23:00:00'),(1699,2,1,'abbl','blab','2014-07-20 23:00:00'),(1700,2,2,'deggip','pigged','2014-07-20 23:00:00'),(1701,2,3,'aaceekrrt','caretaker','2014-07-20 23:00:00'),(1702,2,1,'affty','taffy','2014-07-21 23:00:00'),(1703,2,2,'eeilttx','textile','2014-07-21 23:00:00'),(1704,2,3,'beeossss','obsesses','2014-07-21 23:00:00'),(1705,2,1,'acees','cease','2014-07-22 23:00:00'),(1706,2,2,'amnstuu','autumns','2014-07-22 23:00:00'),(1707,2,3,'eiinnossv','envisions','2014-07-22 23:00:00'),(1708,2,1,'akooz','kazoo','2014-07-23 23:00:00'),(1709,2,2,'defilt','lifted','2014-07-23 23:00:00'),(1710,2,3,'aellosstw','sallowest','2014-07-23 23:00:00'),(1711,2,1,'gpsyy','gypsy','2014-07-24 23:00:00'),(1712,2,2,'accirst','arctics','2014-07-24 23:00:00'),(1713,2,3,'adeilprss','dispersal','2014-07-24 23:00:00'),(1714,2,1,'eflos','floes','2014-07-25 23:00:00'),(1715,2,2,'egilnpy','yelping','2014-07-25 23:00:00'),(1716,2,3,'adefgilnt','deflating','2014-07-25 23:00:00'),(1717,2,1,'antwy','tawny','2014-07-26 23:00:00'),(1718,2,2,'agilnss','signals','2014-07-26 23:00:00'),(1719,2,3,'abeerrtv','vertebra','2014-07-26 23:00:00'),(1720,2,1,'cnoo','coon','2014-07-27 23:00:00'),(1721,2,2,'eilmpt','limpet','2014-07-27 23:00:00'),(1722,2,3,'abdelnnss','blandness','2014-07-27 23:00:00'),(1723,2,1,'abbr','barb','2014-07-28 23:00:00'),(1724,2,2,'bdgino','boding','2014-07-28 23:00:00'),(1725,2,3,'eeeimortt','meteorite','2014-07-28 23:00:00'),(1726,2,1,'aesuv','suave','2014-07-29 23:00:00'),(1727,2,2,'abcginr','bracing','2014-07-29 23:00:00'),(1728,2,3,'aadeilrtv','travailed','2014-07-29 23:00:00'),(1729,2,1,'besty','bytes','2014-07-30 23:00:00'),(1730,2,2,'aaehrsy','hearsay','2014-07-30 23:00:00'),(1731,2,3,'illoppsy','sloppily','2014-07-30 23:00:00'),(1732,2,1,'dims','dims','2014-07-31 23:00:00'),(1733,2,2,'alnoppy','panoply','2014-07-31 23:00:00'),(1734,2,3,'deefinss','finessed','2014-07-31 23:00:00'),(1735,2,1,'aberr','barer','2014-08-01 23:00:00'),(1736,2,2,'aciilst','italics','2014-08-01 23:00:00'),(1737,2,3,'abdiintt','banditti','2014-08-01 23:00:00'),(1738,2,1,'bkluy','bulky','2014-08-02 23:00:00'),(1739,2,2,'almnos','salmon','2014-08-02 23:00:00'),(1740,2,3,'eiillsst','silliest','2014-08-02 23:00:00'),(1741,2,1,'efint','feint','2014-08-03 23:00:00'),(1742,2,2,'aehsstw','swathes','2014-08-03 23:00:00'),(1743,2,3,'acdehmost','stomached','2014-08-03 23:00:00'),(1744,2,1,'eiprv','viper','2014-08-04 23:00:00'),(1745,2,2,'eeeefrr','referee','2014-08-04 23:00:00'),(1746,2,3,'ehoorrtvw','overthrow','2014-08-04 23:00:00'),(1747,2,1,'dgoos','goods','2014-08-05 23:00:00'),(1748,2,2,'aghstu','aughts','2014-08-05 23:00:00'),(1749,2,3,'aeehlnops','anopheles','2014-08-05 23:00:00'),(1750,2,1,'bils','libs','2014-08-06 23:00:00'),(1751,2,2,'bdeikl','bilked','2014-08-06 23:00:00'),(1752,2,3,'aaelllpr','parallel','2014-08-06 23:00:00'),(1753,2,1,'aklrs','larks','2014-08-07 23:00:00'),(1754,2,2,'dehksu','husked','2014-08-07 23:00:00'),(1755,2,3,'ailnopstu','pulsation','2014-08-07 23:00:00'),(1756,2,1,'loowy','wooly','2014-08-08 23:00:00'),(1757,2,2,'cehnpsu','punches','2014-08-08 23:00:00'),(1758,2,3,'aceilnrty','certainly','2014-08-08 23:00:00'),(1759,2,1,'ikrsy','risky','2014-08-09 23:00:00'),(1760,2,2,'adeltwz','waltzed','2014-08-09 23:00:00'),(1761,2,3,'afflloost','footfalls','2014-08-09 23:00:00'),(1762,2,1,'inpuz','unzip','2014-08-10 23:00:00'),(1763,2,2,'aabdimr','barmaid','2014-08-10 23:00:00'),(1764,2,3,'acginnnno','cannoning','2014-08-10 23:00:00'),(1765,2,1,'acgno','conga','2014-08-11 23:00:00'),(1766,2,2,'einortu','routine','2014-08-11 23:00:00'),(1767,2,3,'ceeiorrst','rectories','2014-08-11 23:00:00'),(1768,2,1,'ekoy','yoke','2014-08-12 23:00:00'),(1769,2,2,'deosss','dosses','2014-08-12 23:00:00'),(1770,2,3,'aemprsstu','upstreams','2014-08-12 23:00:00'),(1771,2,1,'bffsu','buffs','2014-08-13 23:00:00'),(1772,2,2,'eginnrv','nerving','2014-08-13 23:00:00'),(1773,2,3,'ehiklnoss','sinkholes','2014-08-13 23:00:00'),(1774,2,1,'degiu','guide','2014-08-14 23:00:00'),(1775,2,2,'cdostuy','custody','2014-08-14 23:00:00'),(1776,2,3,'deeeistw','weediest','2014-08-14 23:00:00'),(1777,2,1,'ahll','hall','2014-08-15 23:00:00'),(1778,2,2,'cdefosu','focused','2014-08-15 23:00:00'),(1779,2,3,'ceeinotux','execution','2014-08-15 23:00:00'),(1780,2,1,'jknsu','junks','2014-08-16 23:00:00'),(1781,2,2,'eikmst','kismet','2014-08-16 23:00:00'),(1782,2,3,'deemnort','mentored','2014-08-16 23:00:00'),(1783,2,1,'anopr','apron','2014-08-17 23:00:00'),(1784,2,2,'cirsstu','rustics','2014-08-17 23:00:00'),(1785,2,3,'fgiilnrzz','frizzling','2014-08-17 23:00:00'),(1786,2,1,'ddei','died','2014-08-18 23:00:00'),(1787,2,2,'abiist','tibias','2014-08-18 23:00:00'),(1788,2,3,'abilorst','orbitals','2014-08-18 23:00:00'),(1789,2,1,'cossw','scows','2014-08-19 23:00:00'),(1790,2,2,'aemorrs','roamers','2014-08-19 23:00:00'),(1791,2,3,'iorssuuu','usurious','2014-08-19 23:00:00'),(1792,2,1,'beijs','jibes','2014-08-20 23:00:00'),(1793,2,2,'adeovw','avowed','2014-08-20 23:00:00'),(1794,2,3,'eilmpstu','lumpiest','2014-08-20 23:00:00'),(1795,2,1,'llot','toll','2014-08-21 23:00:00'),(1796,2,2,'ggiimnr','griming','2014-08-21 23:00:00'),(1797,2,3,'eempsstt','tempests','2014-08-21 23:00:00'),(1798,2,1,'oprsy','prosy','2014-08-22 23:00:00'),(1799,2,2,'adnpstu','dustpan','2014-08-22 23:00:00'),(1800,2,3,'aceflttuu','fluctuate','2014-08-22 23:00:00'),(1801,2,1,'eeisz','seize','2014-08-23 23:00:00'),(1802,2,2,'ceiopt','poetic','2014-08-23 23:00:00'),(1803,2,3,'defilotu','outfield','2014-08-23 23:00:00'),(1804,2,1,'grsuu','gurus','2014-08-24 23:00:00'),(1805,2,2,'cdegghu','chugged','2014-08-24 23:00:00'),(1806,2,3,'aeknnrss','rankness','2014-08-24 23:00:00'),(1807,2,1,'mmtuy','tummy','2014-08-25 23:00:00'),(1808,2,2,'copruy','croupy','2014-08-25 23:00:00'),(1809,2,3,'eeeiklsw','weeklies','2014-08-25 23:00:00'),(1810,2,1,'binor','robin','2014-08-26 23:00:00'),(1811,2,2,'aabnnoz','bonanza','2014-08-26 23:00:00'),(1812,2,3,'ehiiorsst','histories','2014-08-26 23:00:00'),(1813,2,1,'hill','hill','2014-08-27 23:00:00'),(1814,2,2,'ddelort','toddler','2014-08-27 23:00:00'),(1815,2,3,'agiilnort','tailoring','2014-08-27 23:00:00'),(1816,2,1,'loswy','yowls','2014-08-28 23:00:00'),(1817,2,2,'adistu','audits','2014-08-28 23:00:00'),(1818,2,3,'aabilnott','battalion','2014-08-28 23:00:00'),(1819,2,1,'ahooy','yahoo','2014-08-29 23:00:00'),(1820,2,2,'ehllor','holler','2014-08-29 23:00:00'),(1821,2,3,'eeillpss','ellipses','2014-08-29 23:00:00'),(1822,2,1,'abck','back','2014-08-30 23:00:00'),(1823,2,2,'einqruy','enquiry','2014-08-30 23:00:00'),(1824,2,3,'abcdemott','combatted','2014-08-30 23:00:00'),(1825,2,1,'ddees','deeds','2014-08-31 23:00:00'),(1826,2,2,'hillrs','shrill','2014-08-31 23:00:00'),(1827,2,3,'degprsuu','upsurged','2014-08-31 23:00:00'),(1828,2,1,'emno','omen','2014-09-01 23:00:00'),(1829,2,2,'eeimnss','nemesis','2014-09-01 23:00:00'),(1830,2,3,'dennooopt','pontooned','2014-09-01 23:00:00'),(1831,2,1,'ffims','miffs','2014-09-02 23:00:00'),(1832,2,2,'dehops','poshed','2014-09-02 23:00:00'),(1833,2,3,'abhiinst','inhabits','2014-09-02 23:00:00'),(1834,2,1,'agkwy','gawky','2014-09-03 23:00:00'),(1835,2,2,'deeglp','pledge','2014-09-03 23:00:00'),(1836,2,3,'celopstu','couplets','2014-09-03 23:00:00'),(1837,2,1,'aflou','afoul','2014-09-04 23:00:00'),(1838,2,2,'csuyzz','scuzzy','2014-09-04 23:00:00'),(1839,2,3,'ghilloopy','philology','2014-09-04 23:00:00'),(1840,2,1,'abggy','baggy','2014-09-05 23:00:00'),(1841,2,2,'ademosy','someday','2014-09-05 23:00:00'),(1842,2,3,'ehhrsstu','thrushes','2014-09-05 23:00:00'),(1843,2,1,'eefsz','fezes','2014-09-06 23:00:00'),(1844,2,2,'aeggrst','stagger','2014-09-06 23:00:00'),(1845,2,3,'aaekprrst','partakers','2014-09-06 23:00:00'),(1846,2,1,'aivv','viva','2014-09-07 23:00:00'),(1847,2,2,'beinno','bonnie','2014-09-07 23:00:00'),(1848,2,3,'aadehmsst','mastheads','2014-09-07 23:00:00'),(1849,2,1,'ciily','icily','2014-09-08 23:00:00'),(1850,2,2,'lloptuu','pullout','2014-09-08 23:00:00'),(1851,2,3,'aeginrrst','arresting','2014-09-08 23:00:00'),(1852,2,1,'eepw','weep','2014-09-09 23:00:00'),(1853,2,2,'cehorsz','scherzo','2014-09-09 23:00:00'),(1854,2,3,'cddeemnno','condemned','2014-09-09 23:00:00'),(1855,2,1,'hmrry','myrrh','2014-09-10 23:00:00'),(1856,2,2,'agginst','staging','2014-09-10 23:00:00'),(1857,2,3,'eeinqtttu','quintette','2014-09-10 23:00:00'),(1858,2,1,'abjm','jamb','2014-09-11 23:00:00'),(1859,2,2,'abekrr','barker','2014-09-11 23:00:00'),(1860,2,3,'aaeegmnns','manganese','2014-09-11 23:00:00'),(1861,2,1,'deknu','nuked','2014-09-12 23:00:00'),(1862,2,2,'aaeglm','agleam','2014-09-12 23:00:00'),(1863,2,3,'aefmorvw','waveform','2014-09-12 23:00:00'),(1864,2,1,'ajms','jams','2014-09-13 23:00:00'),(1865,2,2,'delpsu','pulsed','2014-09-13 23:00:00'),(1866,2,3,'aadikllo','alkaloid','2014-09-13 23:00:00'),(1867,2,1,'adewx','waxed','2014-09-14 23:00:00'),(1868,2,2,'deilsw','wields','2014-09-14 23:00:00'),(1869,2,3,'aaejklrwy','jaywalker','2014-09-14 23:00:00'),(1870,2,1,'denss','sends','2014-09-15 23:00:00'),(1871,2,2,'abersss','brasses','2014-09-15 23:00:00'),(1872,2,3,'adenprssu','underpass','2014-09-15 23:00:00'),(1873,2,1,'acft','fact','2014-09-16 23:00:00'),(1874,2,2,'adefiw','waifed','2014-09-16 23:00:00'),(1875,2,3,'aaginnrrt','narrating','2014-09-16 23:00:00'),(1876,2,1,'glmoo','gloom','2014-09-17 23:00:00'),(1877,2,2,'ademops','pomades','2014-09-17 23:00:00'),(1878,2,3,'deeeiprvw','previewed','2014-09-17 23:00:00'),(1879,2,1,'nptu','punt','2014-09-18 23:00:00'),(1880,2,2,'deglost','goldest','2014-09-18 23:00:00'),(1881,2,3,'adinpsttu','disputant','2014-09-18 23:00:00'),(1882,2,1,'dentu','tuned','2014-09-19 23:00:00'),(1883,2,2,'aeglost','legatos','2014-09-19 23:00:00'),(1884,2,3,'cdeeiknrs','snickered','2014-09-19 23:00:00'),(1885,2,1,'aeglz','glaze','2014-09-20 23:00:00'),(1886,2,2,'adegnw','gnawed','2014-09-20 23:00:00'),(1887,2,3,'adeimottv','motivated','2014-09-20 23:00:00'),(1888,2,1,'ckmsu','mucks','2014-09-21 23:00:00'),(1889,2,2,'abssuwy','subways','2014-09-21 23:00:00'),(1890,2,3,'bekooorst','bookstore','2014-09-21 23:00:00'),(1891,2,1,'eknw','knew','2014-09-22 23:00:00'),(1892,2,2,'abginy','baying','2014-09-22 23:00:00'),(1893,2,3,'aaaegllpr','paralegal','2014-09-22 23:00:00'),(1894,2,1,'addew','waded','2014-09-23 23:00:00'),(1895,2,2,'aadlnsv','vandals','2014-09-23 23:00:00'),(1896,2,3,'einoqstu','question','2014-09-23 23:00:00'),(1897,2,1,'aaegp','agape','2014-09-24 23:00:00'),(1898,2,2,'biorrtu','burrito','2014-09-24 23:00:00'),(1899,2,3,'denoqtuu','unquoted','2014-09-24 23:00:00'),(1900,2,1,'biknr','brink','2014-09-25 23:00:00'),(1901,2,2,'bbbluy','bubbly','2014-09-25 23:00:00'),(1902,2,3,'eelorrstu','resoluter','2014-09-25 23:00:00'),(1903,2,1,'eorw','wore','2014-09-26 23:00:00'),(1904,2,2,'giinsz','sizing','2014-09-26 23:00:00'),(1905,2,3,'eegiinstv','genitives','2014-09-26 23:00:00'),(1906,2,1,'begs','begs','2014-09-27 23:00:00'),(1907,2,2,'ccnootu','coconut','2014-09-27 23:00:00'),(1908,2,3,'aabggrrst','braggarts','2014-09-27 23:00:00'),(1909,2,1,'chop','chop','2014-09-28 23:00:00'),(1910,2,2,'elmnot','molten','2014-09-28 23:00:00'),(1911,2,3,'aagilnppt','palpating','2014-09-28 23:00:00'),(1912,2,1,'efhrs','fresh','2014-09-29 23:00:00'),(1913,2,2,'accnott','contact','2014-09-29 23:00:00'),(1914,2,3,'abcdkoosw','backwoods','2014-09-29 23:00:00'),(1915,2,1,'beosy','obeys','2014-09-30 23:00:00'),(1916,2,2,'deenost','denotes','2014-09-30 23:00:00'),(1917,2,3,'aceehimps','impeaches','2014-09-30 23:00:00'),(1918,2,1,'mprsu','rumps','2014-10-01 23:00:00'),(1919,2,2,'egillny','yelling','2014-10-01 23:00:00'),(1920,2,3,'giknnosw','knowings','2014-10-01 23:00:00'),(1921,2,1,'deoow','wooed','2014-10-02 23:00:00'),(1922,2,2,'aefinst','fainest','2014-10-02 23:00:00'),(1923,2,3,'aabgimns','sambaing','2014-10-02 23:00:00'),(1924,2,1,'imps','imps','2014-10-03 23:00:00'),(1925,2,2,'iottuw','outwit','2014-10-03 23:00:00'),(1926,2,3,'abceeelrx','execrable','2014-10-03 23:00:00'),(1927,2,1,'bnoss','snobs','2014-10-04 23:00:00'),(1928,2,2,'clmsuuu','cumulus','2014-10-04 23:00:00'),(1929,2,3,'ceilnsst','stencils','2014-10-04 23:00:00'),(1930,2,1,'cklo','lock','2014-10-05 23:00:00'),(1931,2,2,'deipttu','puttied','2014-10-05 23:00:00'),(1932,2,3,'aabcdhkrs','hardbacks','2014-10-05 23:00:00'),(1933,2,1,'abbcy','cabby','2014-10-06 23:00:00'),(1934,2,2,'chipsy','physic','2014-10-06 23:00:00'),(1935,2,3,'cdeoopsst','postcodes','2014-10-06 23:00:00'),(1936,2,1,'mpstu','stump','2014-10-07 23:00:00'),(1937,2,2,'aeehssv','sheaves','2014-10-07 23:00:00'),(1938,2,3,'abcehlors','bachelors','2014-10-07 23:00:00'),(1939,2,1,'ginor','groin','2014-10-08 23:00:00'),(1940,2,2,'eginsv','givens','2014-10-08 23:00:00'),(1941,2,3,'bdelloruz','bulldozer','2014-10-08 23:00:00'),(1942,2,1,'efgin','feign','2014-10-09 23:00:00'),(1943,2,2,'bcginru','curbing','2014-10-09 23:00:00'),(1944,2,3,'abcdilopr','clipboard','2014-10-09 23:00:00'),(1945,2,1,'dills','dills','2014-10-10 23:00:00'),(1946,2,2,'bdegilo','obliged','2014-10-10 23:00:00'),(1947,2,3,'ceeeeipsy','eyepieces','2014-10-10 23:00:00'),(1948,2,1,'hoott','tooth','2014-10-11 23:00:00'),(1949,2,2,'ijnost','joints','2014-10-11 23:00:00'),(1950,2,3,'ademnpss','dampness','2014-10-11 23:00:00'),(1951,2,1,'ceeip','piece','2014-10-12 23:00:00'),(1952,2,2,'befilrt','filbert','2014-10-12 23:00:00'),(1953,2,3,'eeilrssw','wireless','2014-10-12 23:00:00'),(1954,2,1,'ekot','toke','2014-10-13 23:00:00'),(1955,2,2,'elmmops','pommels','2014-10-13 23:00:00'),(1956,2,3,'eeilorstt','lotteries','2014-10-13 23:00:00'),(1957,2,1,'egln','glen','2014-10-14 23:00:00'),(1958,2,2,'adeghpr','graphed','2014-10-14 23:00:00'),(1959,2,3,'eellorwy','yellower','2014-10-14 23:00:00'),(1960,2,1,'ailst','tails','2014-10-15 23:00:00'),(1961,2,2,'allmss','smalls','2014-10-15 23:00:00'),(1962,2,3,'aehlnrst','enthrals','2014-10-15 23:00:00'),(1963,2,1,'amoy','mayo','2014-10-16 23:00:00'),(1964,2,2,'aeglrr','larger','2014-10-16 23:00:00'),(1965,2,3,'aceipprr','crappier','2014-10-16 23:00:00'),(1966,2,1,'deho','hoed','2014-10-17 23:00:00'),(1967,2,2,'adgilln','ladling','2014-10-17 23:00:00'),(1968,2,3,'eilmnosu','emulsion','2014-10-17 23:00:00'),(1969,2,1,'cortu','court','2014-10-18 23:00:00'),(1970,2,2,'ahlorst','harlots','2014-10-18 23:00:00'),(1971,2,3,'cefgikln','flecking','2014-10-18 23:00:00'),(1972,2,1,'depu','dupe','2014-10-19 23:00:00'),(1973,2,2,'aegilnn','leaning','2014-10-19 23:00:00'),(1974,2,3,'cenoqsstu','conquests','2014-10-19 23:00:00'),(1975,2,1,'mpru','rump','2014-10-20 23:00:00'),(1976,2,2,'gimnoo','mooing','2014-10-20 23:00:00'),(1977,2,3,'jnoorssu','sojourns','2014-10-20 23:00:00'),(1978,2,1,'oprw','prow','2014-10-21 23:00:00'),(1979,2,2,'noosst','snoots','2014-10-21 23:00:00'),(1980,2,3,'aceersss','caresses','2014-10-21 23:00:00'),(1981,2,1,'egot','toge','2014-10-22 23:00:00'),(1982,2,2,'eiirrtz','ritzier','2014-10-22 23:00:00'),(1983,2,3,'biilnoov','oblivion','2014-10-22 23:00:00'),(1984,2,1,'addny','dandy','2014-10-23 23:00:00'),(1985,2,2,'acosuuv','vacuous','2014-10-23 23:00:00'),(1986,2,3,'aailnnpt','plantain','2014-10-23 23:00:00'),(1987,2,1,'ceekr','creek','2014-10-24 23:00:00'),(1988,2,2,'afhlsy','flashy','2014-10-24 23:00:00'),(1989,2,3,'abinostt','botanist','2014-10-24 23:00:00'),(1990,2,1,'aenov','novae','2014-10-25 23:00:00'),(1991,2,2,'aefhltu','hateful','2014-10-25 23:00:00'),(1992,2,3,'abeinrsuz','urbanizes','2014-10-25 23:00:00'),(1993,2,1,'irss','sirs','2014-10-27 00:00:00'),(1994,2,2,'acddist','addicts','2014-10-27 00:00:00'),(1995,2,3,'dginoooov','voodooing','2014-10-27 00:00:00'),(1996,2,1,'borru','burro','2014-10-28 00:00:00'),(1997,2,2,'adeilrv','rivaled','2014-10-28 00:00:00'),(1998,2,3,'acciilrt','critical','2014-10-28 00:00:00'),(1999,2,1,'alnsw','lawns','2014-10-29 00:00:00'),(2000,2,2,'cdegors','codgers','2014-10-29 00:00:00'),(2001,2,3,'aeegillst','legislate','2014-10-29 00:00:00'),(2002,2,1,'oopps','poops','2014-10-30 00:00:00'),(2003,2,2,'eimnost','moisten','2014-10-30 00:00:00'),(2004,2,3,'acehhmnn','henchman','2014-10-30 00:00:00'),(2005,2,1,'acnrs','narcs','2014-10-31 00:00:00'),(2006,2,2,'bdlooy','bloody','2014-10-31 00:00:00'),(2007,2,3,'aacdelpty','playacted','2014-10-31 00:00:00'),(2008,2,1,'cefls','clefs','2014-11-01 00:00:00'),(2009,2,2,'eeeepsw','peewees','2014-11-01 00:00:00'),(2010,2,3,'himorstu','humorist','2014-11-01 00:00:00'),(2011,2,1,'acsw','caws','2014-11-02 00:00:00'),(2012,2,2,'ccehlos','cloches','2014-11-02 00:00:00'),(2013,2,3,'cefimost','comfiest','2014-11-02 00:00:00'),(2014,2,1,'foru','four','2014-11-03 00:00:00'),(2015,2,2,'abdeely','belayed','2014-11-03 00:00:00'),(2016,2,3,'eeghmnoy','hegemony','2014-11-03 00:00:00'),(2017,2,1,'dhitw','width','2014-11-04 00:00:00'),(2018,2,2,'ddehnou','hounded','2014-11-04 00:00:00'),(2019,2,3,'delmorssu','smoulders','2014-11-04 00:00:00'),(2020,2,1,'ehrsy','shyer','2014-11-05 00:00:00'),(2021,2,2,'cchiory','chicory','2014-11-05 00:00:00'),(2022,2,3,'achinnost','stanchion','2014-11-05 00:00:00'),(2023,2,1,'eilmp','impel','2014-11-06 00:00:00'),(2024,2,2,'adortuw','outward','2014-11-06 00:00:00'),(2025,2,3,'adeeginsv','envisaged','2014-11-06 00:00:00'),(2026,2,1,'ekopy','pokey','2014-11-07 00:00:00'),(2027,2,2,'bdeeirs','derbies','2014-11-07 00:00:00'),(2028,2,3,'dhinoorss','dishonors','2014-11-07 00:00:00'),(2029,2,1,'clop','clop','2014-11-08 00:00:00'),(2030,2,2,'annsstu','suntans','2014-11-08 00:00:00'),(2031,2,3,'fgiinrzz','frizzing','2014-11-08 00:00:00'),(2032,2,1,'cikp','pick','2014-11-09 00:00:00'),(2033,2,2,'dfoorx','oxford','2014-11-09 00:00:00'),(2034,2,3,'beeelmns','ensemble','2014-11-09 00:00:00'),(2035,2,1,'adlrw','drawl','2014-11-10 00:00:00'),(2036,2,2,'adeegnt','negated','2014-11-10 00:00:00'),(2037,2,3,'deiinppw','windpipe','2014-11-10 00:00:00'),(2038,2,1,'iimns','minis','2014-11-11 00:00:00'),(2039,2,2,'giimnpp','pimping','2014-11-11 00:00:00'),(2040,2,3,'adeiirstz','satirized','2014-11-11 00:00:00'),(2041,2,1,'kklsu','skulk','2014-11-12 00:00:00'),(2042,2,2,'defgirs','fridges','2014-11-12 00:00:00'),(2043,2,3,'bghimotu','bigmouth','2014-11-12 00:00:00'),(2044,2,1,'delm','meld','2014-11-13 00:00:00'),(2045,2,2,'cehims','chimes','2014-11-13 00:00:00'),(2046,2,3,'bersstuv','subverts','2014-11-13 00:00:00'),(2047,2,1,'aeesv','eaves','2014-11-14 00:00:00'),(2048,2,2,'ghossu','soughs','2014-11-14 00:00:00'),(2049,2,3,'aefiilsst','falsities','2014-11-14 00:00:00'),(2050,2,1,'fillr','frill','2014-11-15 00:00:00'),(2051,2,2,'aaccdir','cardiac','2014-11-15 00:00:00'),(2052,2,3,'beeorrsv','observer','2014-11-15 00:00:00'),(2053,2,1,'chikn','chink','2014-11-16 00:00:00'),(2054,2,2,'aacemr','camera','2014-11-16 00:00:00'),(2055,2,3,'dnnootww','downtown','2014-11-16 00:00:00'),(2056,2,1,'ggipy','piggy','2014-11-17 00:00:00'),(2057,2,2,'dddeilp','piddled','2014-11-17 00:00:00'),(2058,2,3,'gikknnsu','skunking','2014-11-17 00:00:00'),(2059,2,1,'bblu','bulb','2014-11-18 00:00:00'),(2060,2,2,'eginssy','yessing','2014-11-18 00:00:00'),(2061,2,3,'hilmnoost','monoliths','2014-11-18 00:00:00'),(2062,2,1,'hmow','whom','2014-11-19 00:00:00'),(2063,2,2,'cemost','comets','2014-11-19 00:00:00'),(2064,2,3,'aceesstt','cassette','2014-11-19 00:00:00'),(2065,2,1,'ffiks','skiff','2014-11-20 00:00:00'),(2066,2,2,'aeloprv','overlap','2014-11-20 00:00:00'),(2067,2,3,'cdeekopt','pocketed','2014-11-20 00:00:00'),(2068,2,1,'adnrw','drawn','2014-11-21 00:00:00'),(2069,2,2,'dehilrw','whirled','2014-11-21 00:00:00'),(2070,2,3,'acginnru','uncaring','2014-11-21 00:00:00'),(2071,2,1,'adiir','radii','2014-11-22 00:00:00'),(2072,2,2,'eeenruv','revenue','2014-11-22 00:00:00'),(2073,2,3,'aacnrsstt','transacts','2014-11-22 00:00:00'),(2074,2,1,'hswy','whys','2014-11-23 00:00:00'),(2075,2,2,'abgilnt','tabling','2014-11-23 00:00:00'),(2076,2,3,'cddelnoo','condoled','2014-11-23 00:00:00'),(2077,2,1,'eprru','purer','2014-11-24 00:00:00'),(2078,2,2,'abbhrru','rhubarb','2014-11-24 00:00:00'),(2079,2,3,'cddeeeiv','deceived','2014-11-24 00:00:00'),(2080,2,1,'akor','okra','2014-11-25 00:00:00'),(2081,2,2,'adhnnsu','unhands','2014-11-25 00:00:00'),(2082,2,3,'amoprsxy','paroxysm','2014-11-25 00:00:00'),(2083,2,1,'bflsu','flubs','2014-11-26 00:00:00'),(2084,2,2,'adefrrt','redraft','2014-11-26 00:00:00'),(2085,2,3,'aefiilmps','amplifies','2014-11-26 00:00:00'),(2086,2,1,'hrstu','hurts','2014-11-27 00:00:00'),(2087,2,2,'aglmors','glamors','2014-11-27 00:00:00'),(2088,2,3,'degijmsu','misjudge','2014-11-27 00:00:00'),(2089,2,1,'einop','opine','2014-11-28 00:00:00'),(2090,2,2,'abeoprt','probate','2014-11-28 00:00:00'),(2091,2,3,'bbghilnoo','hobgoblin','2014-11-28 00:00:00'),(2092,2,1,'eegil','liege','2014-11-29 00:00:00'),(2093,2,2,'cdeiprt','predict','2014-11-29 00:00:00'),(2094,2,3,'aalmnprty','rampantly','2014-11-29 00:00:00'),(2095,2,1,'deikr','irked','2014-11-30 00:00:00'),(2096,2,2,'abdenp','bedpan','2014-11-30 00:00:00'),(2097,2,3,'aailmrst','alarmist','2014-11-30 00:00:00'),(2098,2,1,'agist','gaits','2014-12-01 00:00:00'),(2099,2,2,'aaddegm','damaged','2014-12-01 00:00:00'),(2100,2,3,'acdeillv','cavilled','2014-12-01 00:00:00'),(2101,2,1,'ddsu','duds','2014-12-02 00:00:00'),(2102,2,2,'aeggsww','gewgaws','2014-12-02 00:00:00'),(2103,2,3,'fhilopsst','shoplifts','2014-12-02 00:00:00'),(2104,2,1,'abinr','brain','2014-12-03 00:00:00'),(2105,2,2,'deggin','edging','2014-12-03 00:00:00'),(2106,2,3,'abceilnru','incurable','2014-12-03 00:00:00'),(2107,2,1,'bdery','derby','2014-12-04 00:00:00'),(2108,2,2,'deellry','elderly','2014-12-04 00:00:00'),(2109,2,3,'eeensstw','sweetens','2014-12-04 00:00:00'),(2110,2,1,'dehmo','homed','2014-12-05 00:00:00'),(2111,2,2,'aaelnrs','arsenal','2014-12-05 00:00:00'),(2112,2,3,'cdeiinoss','decisions','2014-12-05 00:00:00'),(2113,2,1,'ampss','spasm','2014-12-06 00:00:00'),(2114,2,2,'aeopqu','opaque','2014-12-06 00:00:00'),(2115,2,3,'acdeorrst','costarred','2014-12-06 00:00:00'),(2116,2,1,'emott','totem','2014-12-07 00:00:00'),(2117,2,2,'aglnos','slogan','2014-12-07 00:00:00'),(2118,2,3,'ddeeeiptx','expedited','2014-12-07 00:00:00'),(2119,2,1,'alot','alto','2014-12-08 00:00:00'),(2120,2,2,'ademnss','madness','2014-12-08 00:00:00'),(2121,2,3,'aemnrsst','smartens','2014-12-08 00:00:00'),(2122,2,1,'dllo','doll','2014-12-09 00:00:00'),(2123,2,2,'acdeers','creased','2014-12-09 00:00:00'),(2124,2,3,'adeelqrru','quarreled','2014-12-09 00:00:00'),(2125,2,1,'fort','fort','2014-12-10 00:00:00'),(2126,2,2,'agrsuy','sugary','2014-12-10 00:00:00'),(2127,2,3,'acinnotu','continua','2014-12-10 00:00:00'),(2128,2,1,'aeinv','naive','2014-12-11 00:00:00'),(2129,2,2,'ginsst','stings','2014-12-11 00:00:00'),(2130,2,3,'bddeiilns','blindside','2014-12-11 00:00:00'),(2131,2,1,'enosy','nosey','2014-12-12 00:00:00'),(2132,2,2,'afhinos','fashion','2014-12-12 00:00:00'),(2133,2,3,'aeehorsuw','warehouse','2014-12-12 00:00:00'),(2134,2,1,'hmsuy','mushy','2014-12-13 00:00:00'),(2135,2,2,'eorssv','servos','2014-12-13 00:00:00'),(2136,2,3,'chhimrty','rhythmic','2014-12-13 00:00:00'),(2137,2,1,'aclrw','crawl','2014-12-14 00:00:00'),(2138,2,2,'acinrtu','curtain','2014-12-14 00:00:00'),(2139,2,3,'aacelmntt','cattleman','2014-12-14 00:00:00'),(2140,2,1,'cefor','force','2014-12-15 00:00:00'),(2141,2,2,'dempsu','spumed','2014-12-15 00:00:00'),(2142,2,3,'adehinsss','shadiness','2014-12-15 00:00:00'),(2143,2,1,'bgnos','bongs','2014-12-16 00:00:00'),(2144,2,2,'adeilly','ideally','2014-12-16 00:00:00'),(2145,2,3,'eeiillrv','livelier','2014-12-16 00:00:00'),(2146,2,1,'fgoy','fogy','2014-12-17 00:00:00'),(2147,2,2,'eegrrst','regrets','2014-12-17 00:00:00'),(2148,2,3,'bginorstw','bowstring','2014-12-17 00:00:00'),(2149,2,1,'eglnu','lunge','2014-12-18 00:00:00'),(2150,2,2,'eijknu','junkie','2014-12-18 00:00:00'),(2151,2,3,'aaekprrt','partaker','2014-12-18 00:00:00'),(2152,2,1,'been','been','2014-12-19 00:00:00'),(2153,2,2,'anstuv','vaunts','2014-12-19 00:00:00'),(2154,2,3,'achiimnst','machinist','2014-12-19 00:00:00'),(2155,2,1,'deotx','detox','2014-12-20 00:00:00'),(2156,2,2,'aehrstw','wreaths','2014-12-20 00:00:00'),(2157,2,3,'adimnnot','dominant','2014-12-20 00:00:00'),(2158,2,1,'eiqru','quire','2014-12-21 00:00:00'),(2159,2,2,'ddegos','dodges','2014-12-21 00:00:00'),(2160,2,3,'aefgiknr','freaking','2014-12-21 00:00:00'),(2161,2,1,'deln','lend','2014-12-22 00:00:00'),(2162,2,2,'abellst','ballets','2014-12-22 00:00:00'),(2163,2,3,'acdelopu','cupolaed','2014-12-22 00:00:00'),(2164,2,1,'efssu','fuses','2014-12-23 00:00:00'),(2165,2,2,'cginor','coring','2014-12-23 00:00:00'),(2166,2,3,'eghimnort','mothering','2014-12-23 00:00:00'),(2167,2,1,'abdl','bald','2014-12-24 00:00:00'),(2168,2,2,'eegiknr','reeking','2014-12-24 00:00:00'),(2169,2,3,'eggilnnt','gentling','2014-12-24 00:00:00'),(2170,2,1,'bfis','fibs','2014-12-25 00:00:00'),(2171,2,2,'aelqssu','squeals','2014-12-25 00:00:00'),(2172,2,3,'cdelorss','cordless','2014-12-25 00:00:00'),(2173,2,1,'emstu','mutes','2014-12-26 00:00:00'),(2174,2,2,'aaegln','galena','2014-12-26 00:00:00'),(2175,2,3,'eeilopsvx','explosive','2014-12-26 00:00:00'),(2176,2,1,'iloy','oily','2014-12-27 00:00:00'),(2177,2,2,'ailnpss','spinals','2014-12-27 00:00:00'),(2178,2,3,'egiinnqsu','sequining','2014-12-27 00:00:00'),(2179,2,1,'eiprw','wiper','2014-12-28 00:00:00'),(2180,2,2,'eeelstx','telexes','2014-12-28 00:00:00'),(2181,2,3,'adefiilrs','airfields','2014-12-28 00:00:00'),(2182,2,1,'bllu','bull','2014-12-29 00:00:00'),(2183,2,2,'giimnpr','priming','2014-12-29 00:00:00'),(2184,2,3,'giilmmns','slimming','2014-12-29 00:00:00'),(2185,2,1,'nnosy','sonny','2014-12-30 00:00:00'),(2186,2,2,'addenor','adorned','2014-12-30 00:00:00'),(2187,2,3,'aabceehlt','teachable','2014-12-30 00:00:00'),(2188,2,1,'accuy','yucca','2014-12-31 00:00:00'),(2189,2,2,'aelpqsu','plaques','2014-12-31 00:00:00'),(2190,2,3,'acehillty','ethically','2014-12-31 00:00:00');
/*!40000 ALTER TABLE `puzzles` ENABLE KEYS */;
UNLOCK TABLES;

--
-- Table structure for table `types`
--

DROP TABLE IF EXISTS `types`;
/*!40101 SET @saved_cs_client     = @@character_set_client */;
/*!40101 SET character_set_client = utf8 */;
CREATE TABLE `types` (
  `id` int(11) NOT NULL,
  `name` varchar(255) NOT NULL,
  PRIMARY KEY (`id`)
) ENGINE=InnoDB DEFAULT CHARSET=utf8;
/*!40101 SET character_set_client = @saved_cs_client */;

--
-- Dumping data for table `types`
--

LOCK TABLES `types` WRITE;
/*!40000 ALTER TABLE `types` DISABLE KEYS */;
INSERT INTO `types` VALUES (1,'chess'),(2,'anagrams'),(3,'arithmetic');
/*!40000 ALTER TABLE `types` ENABLE KEYS */;
UNLOCK TABLES;
/*!40103 SET TIME_ZONE=@OLD_TIME_ZONE */;

/*!40101 SET SQL_MODE=@OLD_SQL_MODE */;
/*!40014 SET FOREIGN_KEY_CHECKS=@OLD_FOREIGN_KEY_CHECKS */;
/*!40014 SET UNIQUE_CHECKS=@OLD_UNIQUE_CHECKS */;
/*!40101 SET CHARACTER_SET_CLIENT=@OLD_CHARACTER_SET_CLIENT */;
/*!40101 SET CHARACTER_SET_RESULTS=@OLD_CHARACTER_SET_RESULTS */;
/*!40101 SET COLLATION_CONNECTION=@OLD_COLLATION_CONNECTION */;
/*!40111 SET SQL_NOTES=@OLD_SQL_NOTES */;

-- Dump completed on 2014-12-29 18:07:31
