-- MySQL dump 10.13  Distrib 5.6.17, for osx10.9 (x86_64)
--
-- Host: localhost    Database: pzlbot
-- ------------------------------------------------------
-- Server version	5.6.17

/*!40101 SET @OLD_CHARACTER_SET_CLIENT=@@CHARACTER_SET_CLIENT */;
/*!40101 SET @OLD_CHARACTER_SET_RESULTS=@@CHARACTER_SET_RESULTS */;
/*!40101 SET @OLD_COLLATION_CONNECTION=@@COLLATION_CONNECTION */;
/*!40101 SET NAMES utf8 */;
/*!40103 SET @OLD_TIME_ZONE=@@TIME_ZONE */;
/*!40103 SET TIME_ZONE='+00:00' */;
/*!40014 SET @OLD_UNIQUE_CHECKS=@@UNIQUE_CHECKS, UNIQUE_CHECKS=0 */;
/*!40014 SET @OLD_FOREIGN_KEY_CHECKS=@@FOREIGN_KEY_CHECKS, FOREIGN_KEY_CHECKS=0 */;
/*!40101 SET @OLD_SQL_MODE=@@SQL_MODE, SQL_MODE='NO_AUTO_VALUE_ON_ZERO' */;
/*!40111 SET @OLD_SQL_NOTES=@@SQL_NOTES, SQL_NOTES=0 */;

--
-- Table structure for table `difficulties`
--

DROP TABLE IF EXISTS `difficulties`;
/*!40101 SET @saved_cs_client     = @@character_set_client */;
/*!40101 SET character_set_client = utf8 */;
CREATE TABLE `difficulties` (
  `id` int(11) NOT NULL,
  `name` varchar(255) NOT NULL,
  PRIMARY KEY (`id`)
) ENGINE=InnoDB DEFAULT CHARSET=utf8;
/*!40101 SET character_set_client = @saved_cs_client */;

--
-- Dumping data for table `difficulties`
--

LOCK TABLES `difficulties` WRITE;
/*!40000 ALTER TABLE `difficulties` DISABLE KEYS */;
INSERT INTO `difficulties` VALUES (1,'easy'),(2,'medium'),(3,'hard'),(4,'bonus');
/*!40000 ALTER TABLE `difficulties` ENABLE KEYS */;
UNLOCK TABLES;

--
-- Table structure for table `puzzles`
--

DROP TABLE IF EXISTS `puzzles`;
/*!40101 SET @saved_cs_client     = @@character_set_client */;
/*!40101 SET character_set_client = utf8 */;
CREATE TABLE `puzzles` (
  `id` int(11) NOT NULL AUTO_INCREMENT,
  `type` int(11) NOT NULL,
  `difficulty` int(11) NOT NULL,
  `problem` varchar(1024) NOT NULL,
  `solution` varchar(1024) NOT NULL,
  `puzzledate` timestamp NOT NULL DEFAULT CURRENT_TIMESTAMP ON UPDATE CURRENT_TIMESTAMP,
  PRIMARY KEY (`id`),
  KEY `fk_puzzle_types` (`type`),
  KEY `fk_puzzle_difficulties` (`difficulty`),
  CONSTRAINT `fk_puzzle_types` FOREIGN KEY (`type`) REFERENCES `types` (`id`),
  CONSTRAINT `fk_puzzle_difficulties` FOREIGN KEY (`difficulty`) REFERENCES `difficulties` (`id`)
) ENGINE=InnoDB AUTO_INCREMENT=1096 DEFAULT CHARSET=utf8;
/*!40101 SET character_set_client = @saved_cs_client */;

--
-- Dumping data for table `puzzles`
--

LOCK TABLES `puzzles` WRITE;
/*!40000 ALTER TABLE `puzzles` DISABLE KEYS */;
INSERT INTO `puzzles` VALUES (1,2,1,'eghu','huge','2015-01-01 00:00:00'),(2,2,2,'deegln','legend','2015-01-01 00:00:00'),(3,2,3,'eeeinpsvx','expensive','2015-01-01 00:00:00'),(4,2,1,'acdlu','ducal','2015-01-02 00:00:00'),(5,2,2,'ceeiknt','necktie','2015-01-02 00:00:00'),(6,2,3,'adffginor','affording','2015-01-02 00:00:00'),(7,2,1,'adst','tads','2015-01-03 00:00:00'),(8,2,2,'eglosv','gloves','2015-01-03 00:00:00'),(9,2,3,'deeeinopr','pioneered','2015-01-03 00:00:00'),(10,2,1,'afll','fall','2015-01-04 00:00:00'),(11,2,2,'addenot','donated','2015-01-04 00:00:00'),(12,2,3,'aceeiotvv','evocative','2015-01-04 00:00:00'),(13,2,1,'deku','duke','2015-01-05 00:00:00'),(14,2,2,'deirtv','divert','2015-01-05 00:00:00'),(15,2,3,'eghilstt','lightest','2015-01-05 00:00:00'),(16,2,1,'ekpsu','pukes','2015-01-06 00:00:00'),(17,2,2,'beelrst','trebles','2015-01-06 00:00:00'),(18,2,3,'aabegort','abrogate','2015-01-06 00:00:00'),(19,2,1,'kllsu','skull','2015-01-07 00:00:00'),(20,2,2,'aeklnrs','rankles','2015-01-07 00:00:00'),(21,2,3,'aacemnrst','sacrament','2015-01-07 00:00:00'),(22,2,1,'fotu','tofu','2015-01-08 00:00:00'),(23,2,2,'defirzz','frizzed','2015-01-08 00:00:00'),(24,2,3,'aeimmrsuz','summarize','2015-01-08 00:00:00'),(25,2,1,'mosw','mows','2015-01-09 00:00:00'),(26,2,2,'aegrrv','graver','2015-01-09 00:00:00'),(27,2,3,'agiklnst','stalking','2015-01-09 00:00:00'),(28,2,1,'gissw','swigs','2015-01-10 00:00:00'),(29,2,2,'ceelnos','enclose','2015-01-10 00:00:00'),(30,2,3,'ginorstw','worsting','2015-01-10 00:00:00'),(31,2,1,'enrru','rerun','2015-01-11 00:00:00'),(32,2,2,'giilnos','soiling','2015-01-11 00:00:00'),(33,2,3,'ehmnoostw','hometowns','2015-01-11 00:00:00'),(34,2,1,'fiinx','infix','2015-01-12 00:00:00'),(35,2,2,'dinnuw','unwind','2015-01-12 00:00:00'),(36,2,3,'aeelstvw','wavelets','2015-01-12 00:00:00'),(37,2,1,'alsty','salty','2015-01-13 00:00:00'),(38,2,2,'deijlt','jilted','2015-01-13 00:00:00'),(39,2,3,'aacnpsst','capstans','2015-01-13 00:00:00'),(40,2,1,'efrt','fret','2015-01-14 00:00:00'),(41,2,2,'fhilty','filthy','2015-01-14 00:00:00'),(42,2,3,'addehnnru','underhand','2015-01-14 00:00:00'),(43,2,1,'bdlo','bold','2015-01-15 00:00:00'),(44,2,2,'deprstu','spurted','2015-01-15 00:00:00'),(45,2,3,'deilmopr','implored','2015-01-15 00:00:00'),(46,2,1,'aloss','lasso','2015-01-16 00:00:00'),(47,2,2,'aelppry','reapply','2015-01-16 00:00:00'),(48,2,3,'deeiilrsv','devilries','2015-01-16 00:00:00'),(49,2,1,'agmny','mangy','2015-01-17 00:00:00'),(50,2,2,'elmmpsu','pummels','2015-01-17 00:00:00'),(51,2,3,'cghinopu','pouching','2015-01-17 00:00:00'),(52,2,1,'eglu','glue','2015-01-18 00:00:00'),(53,2,2,'eginrsy','syringe','2015-01-18 00:00:00'),(54,2,3,'degiinrw','weirding','2015-01-18 00:00:00'),(55,2,1,'derry','dryer','2015-01-19 00:00:00'),(56,2,2,'acjklow','lockjaw','2015-01-19 00:00:00'),(57,2,3,'acdeiint','indicate','2015-01-19 00:00:00'),(58,2,1,'eirsv','rives','2015-01-20 00:00:00'),(59,2,2,'efhirsy','fishery','2015-01-20 00:00:00'),(60,2,3,'aaffinpr','paraffin','2015-01-20 00:00:00'),(61,2,1,'ceiir','icier','2015-01-21 00:00:00'),(62,2,2,'acffirt','traffic','2015-01-21 00:00:00'),(63,2,3,'achimmst','mismatch','2015-01-21 00:00:00'),(64,2,1,'ikkos','kiosk','2015-01-22 00:00:00'),(65,2,2,'ehoosst','soothes','2015-01-22 00:00:00'),(66,2,3,'deimmosty','immodesty','2015-01-22 00:00:00'),(67,2,1,'filrt','flirt','2015-01-23 00:00:00'),(68,2,2,'acceln','cancel','2015-01-23 00:00:00'),(69,2,3,'ciloopst','copilots','2015-01-23 00:00:00'),(70,2,1,'ckuy','yuck','2015-01-24 00:00:00'),(71,2,2,'aceerst','creates','2015-01-24 00:00:00'),(72,2,3,'cgiilnppr','crippling','2015-01-24 00:00:00'),(73,2,1,'aortt','tarot','2015-01-25 00:00:00'),(74,2,2,'bbginru','rubbing','2015-01-25 00:00:00'),(75,2,3,'abeggginr','beggaring','2015-01-25 00:00:00'),(76,2,1,'eepsv','veeps','2015-01-26 00:00:00'),(77,2,2,'aghirs','garish','2015-01-26 00:00:00'),(78,2,3,'dddeiqsu','squidded','2015-01-26 00:00:00'),(79,2,1,'beoo','oboe','2015-01-27 00:00:00'),(80,2,2,'abdelt','tabled','2015-01-27 00:00:00'),(81,2,3,'cdgiklnu','duckling','2015-01-27 00:00:00'),(82,2,1,'bdeel','bleed','2015-01-28 00:00:00'),(83,2,2,'degrstu','trudges','2015-01-28 00:00:00'),(84,2,3,'ccehnrsu','crunches','2015-01-28 00:00:00'),(85,2,1,'aegu','ague','2015-01-29 00:00:00'),(86,2,2,'abbbels','babbles','2015-01-29 00:00:00'),(87,2,3,'aeehnopr','earphone','2015-01-29 00:00:00'),(88,2,1,'almqu','qualm','2015-01-30 00:00:00'),(89,2,2,'einorss','seniors','2015-01-30 00:00:00'),(90,2,3,'abbcikrt','brickbat','2015-01-30 00:00:00'),(91,2,1,'ackor','croak','2015-01-31 00:00:00'),(92,2,2,'deeekp','peeked','2015-01-31 00:00:00'),(93,2,3,'aaeepprs','appeaser','2015-01-31 00:00:00'),(94,2,1,'aehtw','wheat','2015-02-01 00:00:00'),(95,2,2,'cfginor','forcing','2015-02-01 00:00:00'),(96,2,3,'aeghhirtu','haughtier','2015-02-01 00:00:00'),(97,2,1,'acjks','jacks','2015-02-02 00:00:00'),(98,2,2,'bcdehit','bitched','2015-02-02 00:00:00'),(99,2,3,'ehiqsssu','squishes','2015-02-02 00:00:00'),(100,2,1,'ceefs','feces','2015-02-03 00:00:00'),(101,2,2,'eeekpr','keeper','2015-02-03 00:00:00'),(102,2,3,'adhinpss','dishpans','2015-02-03 00:00:00'),(103,2,1,'enovy','envoy','2015-02-04 00:00:00'),(104,2,2,'bbgiijn','jibbing','2015-02-04 00:00:00'),(105,2,3,'aaeenrssw','awareness','2015-02-04 00:00:00'),(106,2,1,'abouy','bayou','2015-02-05 00:00:00'),(107,2,2,'aghinz','hazing','2015-02-05 00:00:00'),(108,2,3,'aceffostu','suffocate','2015-02-05 00:00:00'),(109,2,1,'afins','fains','2015-02-06 00:00:00'),(110,2,2,'deeenqu','queened','2015-02-06 00:00:00'),(111,2,3,'aaeenstu','nauseate','2015-02-06 00:00:00'),(112,2,1,'akpr','park','2015-02-07 00:00:00'),(113,2,2,'aeintv','native','2015-02-07 00:00:00'),(114,2,3,'aegilllly','illegally','2015-02-07 00:00:00'),(115,2,1,'abcno','bacon','2015-02-08 00:00:00'),(116,2,2,'giilmn','liming','2015-02-08 00:00:00'),(117,2,3,'egiiimntz','itemizing','2015-02-08 00:00:00'),(118,2,1,'ghnu','hung','2015-02-09 00:00:00'),(119,2,2,'agilnw','waling','2015-02-09 00:00:00'),(120,2,3,'aegillnrv','ravelling','2015-02-09 00:00:00'),(121,2,1,'chips','chips','2015-02-10 00:00:00'),(122,2,2,'aeimsz','maizes','2015-02-10 00:00:00'),(123,2,3,'adeenorv','endeavor','2015-02-10 00:00:00'),(124,2,1,'agry','gray','2015-02-11 00:00:00'),(125,2,2,'eflsux','fluxes','2015-02-11 00:00:00'),(126,2,3,'adeinort','rationed','2015-02-11 00:00:00'),(127,2,1,'filp','flip','2015-02-12 00:00:00'),(128,2,2,'aceorrs','coarser','2015-02-12 00:00:00'),(129,2,3,'bcdeehiir','herbicide','2015-02-12 00:00:00'),(130,2,1,'degin','deign','2015-02-13 00:00:00'),(131,2,2,'aeirtt','attire','2015-02-13 00:00:00'),(132,2,3,'egimnnors','sermoning','2015-02-13 00:00:00'),(133,2,1,'ceist','cites','2015-02-14 00:00:00'),(134,2,2,'aeegstt','gestate','2015-02-14 00:00:00'),(135,2,3,'deinnoww','winnowed','2015-02-14 00:00:00'),(136,2,1,'hiwzz','whizz','2015-02-15 00:00:00'),(137,2,2,'aeerrss','erasers','2015-02-15 00:00:00'),(138,2,3,'deeinnrt','interned','2015-02-15 00:00:00'),(139,2,1,'eimnr','miner','2015-02-16 00:00:00'),(140,2,2,'eepstty','typeset','2015-02-16 00:00:00'),(141,2,3,'abcdeehsu','debauches','2015-02-16 00:00:00'),(142,2,1,'bddei','bided','2015-02-17 00:00:00'),(143,2,2,'aaginu','iguana','2015-02-17 00:00:00'),(144,2,3,'aceehrss','searches','2015-02-17 00:00:00'),(145,2,1,'agnou','guano','2015-02-18 00:00:00'),(146,2,2,'adehls','lashed','2015-02-18 00:00:00'),(147,2,3,'bcddeeilu','deducible','2015-02-18 00:00:00'),(148,2,1,'begsy','gybes','2015-02-19 00:00:00'),(149,2,2,'bcdehnu','bunched','2015-02-19 00:00:00'),(150,2,3,'ehinorrt','thornier','2015-02-19 00:00:00'),(151,2,1,'adhny','handy','2015-02-20 00:00:00'),(152,2,2,'abckotu','outback','2015-02-20 00:00:00'),(153,2,3,'accdknorw','crackdown','2015-02-20 00:00:00'),(154,2,1,'cdeu','cued','2015-02-21 00:00:00'),(155,2,2,'delpsu','pulsed','2015-02-21 00:00:00'),(156,2,3,'beinostu','bounties','2015-02-21 00:00:00'),(157,2,1,'belno','noble','2015-02-22 00:00:00'),(158,2,2,'chlosu','slouch','2015-02-22 00:00:00'),(159,2,3,'abbdeirt','rabbited','2015-02-22 00:00:00'),(160,2,1,'cehop','epoch','2015-02-23 00:00:00'),(161,2,2,'dehinnt','thinned','2015-02-23 00:00:00'),(162,2,3,'adeloorv','overload','2015-02-23 00:00:00'),(163,2,1,'ailst','tails','2015-02-24 00:00:00'),(164,2,2,'aansstz','stanzas','2015-02-24 00:00:00'),(165,2,3,'adlooostt','toadstool','2015-02-24 00:00:00'),(166,2,1,'abck','back','2015-02-25 00:00:00'),(167,2,2,'einqsu','sequin','2015-02-25 00:00:00'),(168,2,3,'acddeelr','declared','2015-02-25 00:00:00'),(169,2,1,'corsw','crows','2015-02-26 00:00:00'),(170,2,2,'adettu','tauted','2015-02-26 00:00:00'),(171,2,3,'abdeelzz','bedazzle','2015-02-26 00:00:00'),(172,2,1,'cdiky','dicky','2015-02-27 00:00:00'),(173,2,2,'giinsv','vising','2015-02-27 00:00:00'),(174,2,3,'aabcegilr','algebraic','2015-02-27 00:00:00'),(175,2,1,'hiknt','think','2015-02-28 00:00:00'),(176,2,2,'adegrv','graved','2015-02-28 00:00:00'),(177,2,3,'acgiiknpx','pickaxing','2015-02-28 00:00:00'),(178,2,1,'ehosv','shove','2015-03-01 00:00:00'),(179,2,2,'adenrsu','asunder','2015-03-01 00:00:00'),(180,2,3,'aaeenrstt','anteaters','2015-03-01 00:00:00'),(181,2,1,'aepv','pave','2015-03-02 00:00:00'),(182,2,2,'cginorw','crowing','2015-03-02 00:00:00'),(183,2,3,'ceinoprs','conspire','2015-03-02 00:00:00'),(184,2,1,'agott','gotta','2015-03-03 00:00:00'),(185,2,2,'adeeprs','speared','2015-03-03 00:00:00'),(186,2,3,'eegimnrst','regiments','2015-03-03 00:00:00'),(187,2,1,'knosw','knows','2015-03-04 00:00:00'),(188,2,2,'aehloss','asshole','2015-03-04 00:00:00'),(189,2,3,'adeelrsvy','adversely','2015-03-04 00:00:00'),(190,2,1,'cdorw','crowd','2015-03-05 00:00:00'),(191,2,2,'deinpps','snipped','2015-03-05 00:00:00'),(192,2,3,'eilnosvv','involves','2015-03-05 00:00:00'),(193,2,1,'eirrw','wrier','2015-03-06 00:00:00'),(194,2,2,'eeerstt','teeters','2015-03-06 00:00:00'),(195,2,3,'ddeegrrs','dredgers','2015-03-06 00:00:00'),(196,2,1,'eenpr','preen','2015-03-07 00:00:00'),(197,2,2,'delllo','lolled','2015-03-07 00:00:00'),(198,2,3,'ehhirssw','shrewish','2015-03-07 00:00:00'),(199,2,1,'adln','land','2015-03-08 00:00:00'),(200,2,2,'ddeelp','peddle','2015-03-08 00:00:00'),(201,2,3,'eefnrsttu','unfetters','2015-03-08 00:00:00'),(202,2,1,'kosw','woks','2015-03-09 00:00:00'),(203,2,2,'celorsv','clovers','2015-03-09 00:00:00'),(204,2,3,'ammnoort','motorman','2015-03-09 00:00:00'),(205,2,1,'aefsx','faxes','2015-03-10 00:00:00'),(206,2,2,'eggjlu','juggle','2015-03-10 00:00:00'),(207,2,3,'adeefmorr','forearmed','2015-03-10 00:00:00'),(208,2,1,'eopsy','poesy','2015-03-11 00:00:00'),(209,2,2,'bdeikl','bilked','2015-03-11 00:00:00'),(210,2,3,'addeemnst','damnedest','2015-03-11 00:00:00'),(211,2,1,'ginot','ingot','2015-03-12 00:00:00'),(212,2,2,'eghilnp','helping','2015-03-12 00:00:00'),(213,2,3,'abdeiltu','dutiable','2015-03-12 00:00:00'),(214,2,1,'adegt','gated','2015-03-13 00:00:00'),(215,2,2,'clrtuy','curtly','2015-03-13 00:00:00'),(216,2,3,'aagiloops','apologias','2015-03-13 00:00:00'),(217,2,1,'adent','anted','2015-03-14 00:00:00'),(218,2,2,'aalsssv','vassals','2015-03-14 00:00:00'),(219,2,3,'aefiilnz','finalize','2015-03-14 00:00:00'),(220,2,1,'aelx','axle','2015-03-15 00:00:00'),(221,2,2,'deersss','dresses','2015-03-15 00:00:00'),(222,2,3,'aabddehn','headband','2015-03-15 00:00:00'),(223,2,1,'cello','cello','2015-03-16 00:00:00'),(224,2,2,'adklny','dankly','2015-03-16 00:00:00'),(225,2,3,'deimnpsss','misspends','2015-03-16 00:00:00'),(226,2,1,'ablw','bawl','2015-03-17 00:00:00'),(227,2,2,'bdeinry','bindery','2015-03-17 00:00:00'),(228,2,3,'aimnrstt','transmit','2015-03-17 00:00:00'),(229,2,1,'abry','bray','2015-03-18 00:00:00'),(230,2,2,'dgiopry','prodigy','2015-03-18 00:00:00'),(231,2,3,'ffinopst','pontiffs','2015-03-18 00:00:00'),(232,2,1,'giltu','guilt','2015-03-19 00:00:00'),(233,2,2,'deehorv','hovered','2015-03-19 00:00:00'),(234,2,3,'aeiimntt','intimate','2015-03-19 00:00:00'),(235,2,1,'destu','duets','2015-03-20 00:00:00'),(236,2,2,'abcfnos','confabs','2015-03-20 00:00:00'),(237,2,3,'eikoorst','rookiest','2015-03-20 00:00:00'),(238,2,1,'mprsu','rumps','2015-03-21 00:00:00'),(239,2,2,'aehilpr','harelip','2015-03-21 00:00:00'),(240,2,3,'acdegiott','cogitated','2015-03-21 00:00:00'),(241,2,1,'cloos','cools','2015-03-22 00:00:00'),(242,2,2,'ghistw','wights','2015-03-22 00:00:00'),(243,2,3,'aeiilnptv','plaintive','2015-03-22 00:00:00'),(244,2,1,'ddeit','tided','2015-03-23 00:00:00'),(245,2,2,'acehrtw','watcher','2015-03-23 00:00:00'),(246,2,3,'eeimrrstt','trimester','2015-03-23 00:00:00'),(247,2,1,'gnoss','songs','2015-03-24 00:00:00'),(248,2,2,'bcejot','object','2015-03-24 00:00:00'),(249,2,3,'cdeooprrt','proctored','2015-03-24 00:00:00'),(250,2,1,'deopx','poxed','2015-03-25 00:00:00'),(251,2,2,'ceessux','excuses','2015-03-25 00:00:00'),(252,2,3,'diimnnoos','dominions','2015-03-25 00:00:00'),(253,2,1,'abbcy','cabby','2015-03-26 00:00:00'),(254,2,2,'adekprs','sparked','2015-03-26 00:00:00'),(255,2,3,'effisstt','stiffest','2015-03-26 00:00:00'),(256,2,1,'belnt','blent','2015-03-27 00:00:00'),(257,2,2,'adeprrs','sparred','2015-03-27 00:00:00'),(258,2,3,'ceilrstu','curliest','2015-03-27 00:00:00'),(259,2,1,'chik','hick','2015-03-28 00:00:00'),(260,2,2,'deemnr','mender','2015-03-28 00:00:00'),(261,2,3,'abeinrsst','banisters','2015-03-28 00:00:00'),(262,2,1,'elmo','mole','2015-03-29 00:00:00'),(263,2,2,'aoprrsu','uproars','2015-03-29 00:00:00'),(264,2,3,'beilmmos','embolism','2015-03-29 00:00:00'),(265,2,1,'aekqu','quake','2015-03-29 23:00:00'),(266,2,2,'eeimnnt','eminent','2015-03-29 23:00:00'),(267,2,3,'beeiorstv','overbites','2015-03-29 23:00:00'),(268,2,1,'eentt','tenet','2015-03-30 23:00:00'),(269,2,2,'aelsvv','valves','2015-03-30 23:00:00'),(270,2,3,'bceklnuu','unbuckle','2015-03-30 23:00:00'),(271,2,1,'eghit','eight','2015-03-31 23:00:00'),(272,2,2,'adeeirr','readier','2015-03-31 23:00:00'),(273,2,3,'ccnorsttu','construct','2015-03-31 23:00:00'),(274,2,1,'aciil','cilia','2015-04-01 23:00:00'),(275,2,2,'aalwyy','waylay','2015-04-01 23:00:00'),(276,2,3,'adeinrsvy','vineyards','2015-04-01 23:00:00'),(277,2,1,'flost','lofts','2015-04-02 23:00:00'),(278,2,2,'bbdestu','stubbed','2015-04-02 23:00:00'),(279,2,3,'eggimors','smoggier','2015-04-02 23:00:00'),(280,2,1,'aiqsu','quasi','2015-04-03 23:00:00'),(281,2,2,'aeehrss','hearses','2015-04-03 23:00:00'),(282,2,3,'ehlooprst','portholes','2015-04-03 23:00:00'),(283,2,1,'innou','union','2015-04-04 23:00:00'),(284,2,2,'aeehknr','hearken','2015-04-04 23:00:00'),(285,2,3,'aelprssst','strapless','2015-04-04 23:00:00'),(286,2,1,'beost','besot','2015-04-05 23:00:00'),(287,2,2,'eiprtv','privet','2015-04-05 23:00:00'),(288,2,3,'ghiinnns','shinning','2015-04-05 23:00:00'),(289,2,1,'aimss','amiss','2015-04-06 23:00:00'),(290,2,2,'achijk','hijack','2015-04-06 23:00:00'),(291,2,3,'abegimnno','bemoaning','2015-04-06 23:00:00'),(292,2,1,'eekss','seeks','2015-04-07 23:00:00'),(293,2,2,'bbefir','fibber','2015-04-07 23:00:00'),(294,2,3,'accceiirt','cicatrice','2015-04-07 23:00:00'),(295,2,1,'addpy','paddy','2015-04-08 23:00:00'),(296,2,2,'ceijru','juicer','2015-04-08 23:00:00'),(297,2,3,'aeiilnqu','aquiline','2015-04-08 23:00:00'),(298,2,1,'deosv','doves','2015-04-09 23:00:00'),(299,2,2,'eilmpr','limper','2015-04-09 23:00:00'),(300,2,3,'deegilrtt','glittered','2015-04-09 23:00:00'),(301,2,1,'degiu','guide','2015-04-10 23:00:00'),(302,2,2,'belmmu','mumble','2015-04-10 23:00:00'),(303,2,3,'deellnntu','tunnelled','2015-04-10 23:00:00'),(304,2,1,'giinr','iring','2015-04-11 23:00:00'),(305,2,2,'aloppru','popular','2015-04-11 23:00:00'),(306,2,3,'eilnrtuv','virulent','2015-04-11 23:00:00'),(307,2,1,'bdeew','dweeb','2015-04-12 23:00:00'),(308,2,2,'fgilnot','lofting','2015-04-12 23:00:00'),(309,2,3,'deeeglsv','selvedge','2015-04-12 23:00:00'),(310,2,1,'deoor','rodeo','2015-04-13 23:00:00'),(311,2,2,'ceikpr','picker','2015-04-13 23:00:00'),(312,2,3,'abeiilrrs','libraries','2015-04-13 23:00:00'),(313,2,1,'achkw','whack','2015-04-14 23:00:00'),(314,2,2,'behrssu','brushes','2015-04-14 23:00:00'),(315,2,3,'aceeghrr','recharge','2015-04-14 23:00:00'),(316,2,1,'acefh','chafe','2015-04-15 23:00:00'),(317,2,2,'ahhiksw','hawkish','2015-04-15 23:00:00'),(318,2,3,'adefgiimn','magnified','2015-04-15 23:00:00'),(319,2,1,'acpt','pact','2015-04-16 23:00:00'),(320,2,2,'abglnoo','bologna','2015-04-16 23:00:00'),(321,2,3,'bceghilnn','blenching','2015-04-16 23:00:00'),(322,2,1,'acent','enact','2015-04-17 23:00:00'),(323,2,2,'anorrsw','narrows','2015-04-17 23:00:00'),(324,2,3,'bceeillos','bellicose','2015-04-17 23:00:00'),(325,2,1,'eikpr','piker','2015-04-18 23:00:00'),(326,2,2,'agnost','tangos','2015-04-18 23:00:00'),(327,2,3,'ckossstu','tussocks','2015-04-18 23:00:00'),(328,2,1,'llop','poll','2015-04-19 23:00:00'),(329,2,2,'eggjlru','juggler','2015-04-19 23:00:00'),(330,2,3,'aimnorty','minatory','2015-04-19 23:00:00'),(331,2,1,'elpsu','pulse','2015-04-20 23:00:00'),(332,2,2,'accgnos','cognacs','2015-04-20 23:00:00'),(333,2,3,'acilmopr','proclaim','2015-04-20 23:00:00'),(334,2,1,'dirt','dirt','2015-04-21 23:00:00'),(335,2,2,'lsstuy','stylus','2015-04-21 23:00:00'),(336,2,3,'afhlosty','haylofts','2015-04-21 23:00:00'),(337,2,1,'enpru','prune','2015-04-22 23:00:00'),(338,2,2,'iinrtty','trinity','2015-04-22 23:00:00'),(339,2,3,'aefforsst','afforests','2015-04-22 23:00:00'),(340,2,1,'akln','lank','2015-04-23 23:00:00'),(341,2,2,'egirst','tigers','2015-04-23 23:00:00'),(342,2,3,'abbcimost','bombastic','2015-04-23 23:00:00'),(343,2,1,'adost','toads','2015-04-24 23:00:00'),(344,2,2,'cenosu','ounces','2015-04-24 23:00:00'),(345,2,3,'accgikmr','gimcrack','2015-04-24 23:00:00'),(346,2,1,'dnowy','downy','2015-04-25 23:00:00'),(347,2,2,'egnoxy','oxygen','2015-04-25 23:00:00'),(348,2,3,'acdefort','factored','2015-04-25 23:00:00'),(349,2,1,'bllsu','bulls','2015-04-26 23:00:00'),(350,2,2,'aarrsy','arrays','2015-04-26 23:00:00'),(351,2,3,'ceeprsssy','cypresses','2015-04-26 23:00:00'),(352,2,1,'aett','teat','2015-04-27 23:00:00'),(353,2,2,'eefgrsu','refuges','2015-04-27 23:00:00'),(354,2,3,'bcdelmru','crumbled','2015-04-27 23:00:00'),(355,2,1,'efns','fens','2015-04-28 23:00:00'),(356,2,2,'cddeeor','decoder','2015-04-28 23:00:00'),(357,2,3,'aaddekms','damasked','2015-04-28 23:00:00'),(358,2,1,'cjkos','jocks','2015-04-29 23:00:00'),(359,2,2,'chnotuu','uncouth','2015-04-29 23:00:00'),(360,2,3,'dfillory','floridly','2015-04-29 23:00:00'),(361,2,1,'oostt','toots','2015-04-30 23:00:00'),(362,2,2,'aadkmss','damasks','2015-04-30 23:00:00'),(363,2,3,'dehnossw','snowshed','2015-04-30 23:00:00'),(364,2,1,'eenty','teeny','2015-05-01 23:00:00'),(365,2,2,'bcceily','bicycle','2015-05-01 23:00:00'),(366,2,3,'adegillr','gladlier','2015-05-01 23:00:00'),(367,2,1,'ioptv','pivot','2015-05-02 23:00:00'),(368,2,2,'aeglrv','gravel','2015-05-02 23:00:00'),(369,2,3,'filoooprt','portfolio','2015-05-02 23:00:00'),(370,2,1,'illp','pill','2015-05-03 23:00:00'),(371,2,2,'belopsu','pueblos','2015-05-03 23:00:00'),(372,2,3,'aaeilnssz','nasalizes','2015-05-03 23:00:00'),(373,2,1,'almo','loam','2015-05-04 23:00:00'),(374,2,2,'einsstv','invests','2015-05-04 23:00:00'),(375,2,3,'aggillnry','glaringly','2015-05-04 23:00:00'),(376,2,1,'chlos','lochs','2015-05-05 23:00:00'),(377,2,2,'eghiknr','gherkin','2015-05-05 23:00:00'),(378,2,3,'ceinsttx','extincts','2015-05-05 23:00:00'),(379,2,1,'clrsu','curls','2015-05-06 23:00:00'),(380,2,2,'ccdeeps','specced','2015-05-06 23:00:00'),(381,2,3,'acehmsstu','mustaches','2015-05-06 23:00:00'),(382,2,1,'eepr','peer','2015-05-07 23:00:00'),(383,2,2,'eglnty','gently','2015-05-07 23:00:00'),(384,2,3,'deeenstt','detentes','2015-05-07 23:00:00'),(385,2,1,'iprt','trip','2015-05-08 23:00:00'),(386,2,2,'aaailmr','malaria','2015-05-08 23:00:00'),(387,2,3,'demmnosu','summoned','2015-05-08 23:00:00'),(388,2,1,'bnnuy','bunny','2015-05-09 23:00:00'),(389,2,2,'cdejnou','jounced','2015-05-09 23:00:00'),(390,2,3,'abeirssst','brassiest','2015-05-09 23:00:00'),(391,2,1,'deorw','rowed','2015-05-10 23:00:00'),(392,2,2,'degirrs','girders','2015-05-10 23:00:00'),(393,2,3,'deffginno','offending','2015-05-10 23:00:00'),(394,2,1,'epsxy','pyxes','2015-05-11 23:00:00'),(395,2,2,'alortyy','royalty','2015-05-11 23:00:00'),(396,2,3,'aiikksuy','sukiyaki','2015-05-11 23:00:00'),(397,2,1,'annny','nanny','2015-05-12 23:00:00'),(398,2,2,'acfrss','scarfs','2015-05-12 23:00:00'),(399,2,3,'eefiilmt','lifetime','2015-05-12 23:00:00'),(400,2,1,'agpss','gasps','2015-05-13 23:00:00'),(401,2,2,'aalnnru','annular','2015-05-13 23:00:00'),(402,2,3,'aadelnstw','wasteland','2015-05-13 23:00:00'),(403,2,1,'dlops','plods','2015-05-14 23:00:00'),(404,2,2,'abbfly','flabby','2015-05-14 23:00:00'),(405,2,3,'bbghilnoo','hobgoblin','2015-05-14 23:00:00'),(406,2,1,'ikkn','kink','2015-05-15 23:00:00'),(407,2,2,'beinosv','bovines','2015-05-15 23:00:00'),(408,2,3,'aiimnttu','titanium','2015-05-15 23:00:00'),(409,2,1,'lossu','souls','2015-05-16 23:00:00'),(410,2,2,'deoprru','prouder','2015-05-16 23:00:00'),(411,2,3,'aeilnstu','insulate','2015-05-16 23:00:00'),(412,2,1,'ceost','cotes','2015-05-17 23:00:00'),(413,2,2,'ciilnos','silicon','2015-05-17 23:00:00'),(414,2,3,'abeegirv','verbiage','2015-05-17 23:00:00'),(415,2,1,'hiost','hoist','2015-05-18 23:00:00'),(416,2,2,'aaerrw','awarer','2015-05-18 23:00:00'),(417,2,3,'ddegiinss','giddiness','2015-05-18 23:00:00'),(418,2,1,'chosw','chows','2015-05-19 23:00:00'),(419,2,2,'eflmsu','flumes','2015-05-19 23:00:00'),(420,2,3,'defgiirsu','disfigure','2015-05-19 23:00:00'),(421,2,1,'emors','mores','2015-05-20 23:00:00'),(422,2,2,'fgilory','glorify','2015-05-20 23:00:00'),(423,2,3,'aegglrsst','straggles','2015-05-20 23:00:00'),(424,2,1,'empsu','spume','2015-05-21 23:00:00'),(425,2,2,'ceorssw','escrows','2015-05-21 23:00:00'),(426,2,3,'cddeeepr','preceded','2015-05-21 23:00:00'),(427,2,1,'acdos','codas','2015-05-22 23:00:00'),(428,2,2,'abdekn','banked','2015-05-22 23:00:00'),(429,2,3,'aacennoss','assonance','2015-05-22 23:00:00'),(430,2,1,'eequu','queue','2015-05-23 23:00:00'),(431,2,2,'bgiklnu','bulking','2015-05-23 23:00:00'),(432,2,3,'aacdehiln','enchilada','2015-05-23 23:00:00'),(433,2,1,'eelmm','lemme','2015-05-24 23:00:00'),(434,2,2,'achlry','archly','2015-05-24 23:00:00'),(435,2,3,'deegilopr','ridgepole','2015-05-24 23:00:00'),(436,2,1,'binru','bruin','2015-05-25 23:00:00'),(437,2,2,'deimssu','misused','2015-05-25 23:00:00'),(438,2,3,'eelmprsuy','supremely','2015-05-25 23:00:00'),(439,2,1,'dfoo','food','2015-05-26 23:00:00'),(440,2,2,'aalnstu','sultana','2015-05-26 23:00:00'),(441,2,3,'aadhmnny','handyman','2015-05-26 23:00:00'),(442,2,1,'kmrsu','murks','2015-05-27 23:00:00'),(443,2,2,'efinruy','reunify','2015-05-27 23:00:00'),(444,2,3,'eipssstu','pussiest','2015-05-27 23:00:00'),(445,2,1,'aacuv','vacua','2015-05-28 23:00:00'),(446,2,2,'fiilnot','tinfoil','2015-05-28 23:00:00'),(447,2,3,'cdgilnnoo','condoling','2015-05-28 23:00:00'),(448,2,1,'ddee','deed','2015-05-29 23:00:00'),(449,2,2,'aflluw','lawful','2015-05-29 23:00:00'),(450,2,3,'lmooppsuy','pompously','2015-05-29 23:00:00'),(451,2,1,'boos','boos','2015-05-30 23:00:00'),(452,2,2,'cgiilno','coiling','2015-05-30 23:00:00'),(453,2,3,'aeglnprs','grapnels','2015-05-30 23:00:00'),(454,2,1,'alpw','pawl','2015-05-31 23:00:00'),(455,2,2,'aeelrt','relate','2015-05-31 23:00:00'),(456,2,3,'adddeqsu','squadded','2015-05-31 23:00:00'),(457,2,1,'dmpsu','dumps','2015-06-01 23:00:00'),(458,2,2,'acehiss','chaises','2015-06-01 23:00:00'),(459,2,3,'emmnosssu','summonses','2015-06-01 23:00:00'),(460,2,1,'ossw','sows','2015-06-02 23:00:00'),(461,2,2,'eiklly','likely','2015-06-02 23:00:00'),(462,2,3,'accdeost','accosted','2015-06-02 23:00:00'),(463,2,1,'chlny','lynch','2015-06-03 23:00:00'),(464,2,2,'dnoors','donors','2015-06-03 23:00:00'),(465,2,3,'aabeltux','tableaux','2015-06-03 23:00:00'),(466,2,1,'adeft','fated','2015-06-04 23:00:00'),(467,2,2,'adeilmm','dilemma','2015-06-04 23:00:00'),(468,2,3,'bdeilorv','lovebird','2015-06-04 23:00:00'),(469,2,1,'eflo','floe','2015-06-05 23:00:00'),(470,2,2,'eimnrv','vermin','2015-06-05 23:00:00'),(471,2,3,'bciisstu','biscuits','2015-06-05 23:00:00'),(472,2,1,'dhot','doth','2015-06-06 23:00:00'),(473,2,2,'eiilstt','elitist','2015-06-06 23:00:00'),(474,2,3,'acdepprs','scrapped','2015-06-06 23:00:00'),(475,2,1,'deeor','erode','2015-06-07 23:00:00'),(476,2,2,'ehisss','hisses','2015-06-07 23:00:00'),(477,2,3,'deeegnrv','revenged','2015-06-07 23:00:00'),(478,2,1,'eens','seen','2015-06-08 23:00:00'),(479,2,2,'eginpry','preying','2015-06-08 23:00:00'),(480,2,3,'abdeilopr','parboiled','2015-06-08 23:00:00'),(481,2,1,'nprsu','spurn','2015-06-09 23:00:00'),(482,2,2,'iillnop','pillion','2015-06-09 23:00:00'),(483,2,3,'eiinnossv','envisions','2015-06-09 23:00:00'),(484,2,1,'pttuy','putty','2015-06-10 23:00:00'),(485,2,2,'bdemoy','embody','2015-06-10 23:00:00'),(486,2,3,'eehinsstw','whiteness','2015-06-10 23:00:00'),(487,2,1,'ackln','clank','2015-06-11 23:00:00'),(488,2,2,'aeehlrs','healers','2015-06-11 23:00:00'),(489,2,3,'efiknors','foreskin','2015-06-11 23:00:00'),(490,2,1,'eghiw','weigh','2015-06-12 23:00:00'),(491,2,2,'fmpruy','frumpy','2015-06-12 23:00:00'),(492,2,3,'cemoprss','compress','2015-06-12 23:00:00'),(493,2,1,'afoot','afoot','2015-06-13 23:00:00'),(494,2,2,'aaekmrr','earmark','2015-06-13 23:00:00'),(495,2,3,'eegillnv','leveling','2015-06-13 23:00:00'),(496,2,1,'ailms','mails','2015-06-14 23:00:00'),(497,2,2,'arsstt','starts','2015-06-14 23:00:00'),(498,2,3,'efioosst','footsies','2015-06-14 23:00:00'),(499,2,1,'aacdh','dacha','2015-06-15 23:00:00'),(500,2,2,'adegrsu','sugared','2015-06-15 23:00:00'),(501,2,3,'ciiknpprs','pinpricks','2015-06-15 23:00:00'),(502,2,1,'aelsz','lazes','2015-06-16 23:00:00'),(503,2,2,'eeinrw','wiener','2015-06-16 23:00:00'),(504,2,3,'eegnrrstu','resurgent','2015-06-16 23:00:00'),(505,2,1,'inty','tiny','2015-06-17 23:00:00'),(506,2,2,'aeioqsu','sequoia','2015-06-17 23:00:00'),(507,2,3,'ehhmnooop','homophone','2015-06-17 23:00:00'),(508,2,1,'addew','waded','2015-06-18 23:00:00'),(509,2,2,'dlnooww','lowdown','2015-06-18 23:00:00'),(510,2,3,'aeoprssv','overpass','2015-06-18 23:00:00'),(511,2,1,'alpst','splat','2015-06-19 23:00:00'),(512,2,2,'aeinns','insane','2015-06-19 23:00:00'),(513,2,3,'eefhllwy','flywheel','2015-06-19 23:00:00'),(514,2,1,'abrsy','brays','2015-06-20 23:00:00'),(515,2,2,'aeglpsu','plagues','2015-06-20 23:00:00'),(516,2,3,'ehipsstu','pushiest','2015-06-20 23:00:00'),(517,2,1,'cddee','ceded','2015-06-21 23:00:00'),(518,2,2,'abginn','baning','2015-06-21 23:00:00'),(519,2,3,'ggilqsuy','squiggly','2015-06-21 23:00:00'),(520,2,1,'dees','seed','2015-06-22 23:00:00'),(521,2,2,'aghloos','gasohol','2015-06-22 23:00:00'),(522,2,3,'cceorrsu','reoccurs','2015-06-22 23:00:00'),(523,2,1,'aelmt','metal','2015-06-23 23:00:00'),(524,2,2,'deiksvy','skydive','2015-06-23 23:00:00'),(525,2,3,'aiimnsst','animists','2015-06-23 23:00:00'),(526,2,1,'alnwy','wanly','2015-06-24 23:00:00'),(527,2,2,'deiinv','divine','2015-06-24 23:00:00'),(528,2,3,'efiiprsu','purifies','2015-06-24 23:00:00'),(529,2,1,'ciss','sics','2015-06-25 23:00:00'),(530,2,2,'aclloor','corolla','2015-06-25 23:00:00'),(531,2,3,'beelnoss','boneless','2015-06-25 23:00:00'),(532,2,1,'flou','foul','2015-06-26 23:00:00'),(533,2,2,'adilsty','staidly','2015-06-26 23:00:00'),(534,2,3,'ggiiimnnp','impinging','2015-06-26 23:00:00'),(535,2,1,'ackmu','amuck','2015-06-27 23:00:00'),(536,2,2,'adddel','addled','2015-06-27 23:00:00'),(537,2,3,'aagimnprt','ptarmigan','2015-06-27 23:00:00'),(538,2,1,'hopy','hypo','2015-06-28 23:00:00'),(539,2,2,'abdeggr','bragged','2015-06-28 23:00:00'),(540,2,3,'deinrstty','dentistry','2015-06-28 23:00:00'),(541,2,1,'mrsu','rums','2015-06-29 23:00:00'),(542,2,2,'fghinoo','hoofing','2015-06-29 23:00:00'),(543,2,3,'adegillst','gladliest','2015-06-29 23:00:00'),(544,2,1,'ehikr','hiker','2015-06-30 23:00:00'),(545,2,2,'cenostt','contest','2015-06-30 23:00:00'),(546,2,3,'acdiinort','indicator','2015-06-30 23:00:00'),(547,2,1,'horsu','hours','2015-07-01 23:00:00'),(548,2,2,'bbdehlo','hobbled','2015-07-01 23:00:00'),(549,2,3,'eehlrsst','shelters','2015-07-01 23:00:00'),(550,2,1,'eiprv','viper','2015-07-02 23:00:00'),(551,2,2,'egilpt','piglet','2015-07-02 23:00:00'),(552,2,3,'acehlstt','chattels','2015-07-02 23:00:00'),(553,2,1,'ddeu','dude','2015-07-03 23:00:00'),(554,2,2,'adesst','steads','2015-07-03 23:00:00'),(555,2,3,'ehnoosssw','snowshoes','2015-07-03 23:00:00'),(556,2,1,'aekrw','wreak','2015-07-04 23:00:00'),(557,2,2,'gimntu','muting','2015-07-04 23:00:00'),(558,2,3,'bdddeeflu','befuddled','2015-07-04 23:00:00'),(559,2,1,'ddowy','dowdy','2015-07-05 23:00:00'),(560,2,2,'eggilw','wiggle','2015-07-05 23:00:00'),(561,2,3,'eemnsstu','muteness','2015-07-05 23:00:00'),(562,2,1,'eemrs','meres','2015-07-06 23:00:00'),(563,2,2,'cekoors','cookers','2015-07-06 23:00:00'),(564,2,3,'abdehilos','abolished','2015-07-06 23:00:00'),(565,2,1,'egnst','gents','2015-07-07 23:00:00'),(566,2,2,'giiknrs','risking','2015-07-07 23:00:00'),(567,2,3,'ceikrrty','trickery','2015-07-07 23:00:00'),(568,2,1,'besw','webs','2015-07-08 23:00:00'),(569,2,2,'aehlort','loather','2015-07-08 23:00:00'),(570,2,3,'defoorrw','foreword','2015-07-08 23:00:00'),(571,2,1,'mmpsu','mumps','2015-07-09 23:00:00'),(572,2,2,'bessstu','subsets','2015-07-09 23:00:00'),(573,2,3,'aeegillz','legalize','2015-07-09 23:00:00'),(574,2,1,'eglns','glens','2015-07-10 23:00:00'),(575,2,2,'eegmrs','merges','2015-07-10 23:00:00'),(576,2,3,'aeinorsv','aversion','2015-07-10 23:00:00'),(577,2,1,'cefh','chef','2015-07-11 23:00:00'),(578,2,2,'acddeg','cadged','2015-07-11 23:00:00'),(579,2,3,'deilmnoss','moldiness','2015-07-11 23:00:00'),(580,2,1,'ghsuy','gushy','2015-07-12 23:00:00'),(581,2,2,'acckoss','cassock','2015-07-12 23:00:00'),(582,2,3,'ceeorrrs','sorcerer','2015-07-12 23:00:00'),(583,2,1,'eisz','size','2015-07-13 23:00:00'),(584,2,2,'coopss','scoops','2015-07-13 23:00:00'),(585,2,3,'giiinnnop','pinioning','2015-07-13 23:00:00'),(586,2,1,'aeent','eaten','2015-07-14 23:00:00'),(587,2,2,'bdelmtu','tumbled','2015-07-14 23:00:00'),(588,2,3,'acdeelppr','clappered','2015-07-14 23:00:00'),(589,2,1,'achoo','achoo','2015-07-15 23:00:00'),(590,2,2,'cdeeru','reduce','2015-07-15 23:00:00'),(591,2,3,'aeelnrtx','external','2015-07-15 23:00:00'),(592,2,1,'eflw','flew','2015-07-16 23:00:00'),(593,2,2,'aceklrs','slacker','2015-07-16 23:00:00'),(594,2,3,'giinnnot','intoning','2015-07-16 23:00:00'),(595,2,1,'lllo','loll','2015-07-17 23:00:00'),(596,2,2,'bhmorsu','rhombus','2015-07-17 23:00:00'),(597,2,3,'defnooott','footnoted','2015-07-17 23:00:00'),(598,2,1,'emsst','stems','2015-07-18 23:00:00'),(599,2,2,'fgiknor','forking','2015-07-18 23:00:00'),(600,2,3,'aadgimpr','paradigm','2015-07-18 23:00:00'),(601,2,1,'norsw','sworn','2015-07-19 23:00:00'),(602,2,2,'ahikrs','rakish','2015-07-19 23:00:00'),(603,2,3,'abegillln','labelling','2015-07-19 23:00:00'),(604,2,1,'gortu','grout','2015-07-20 23:00:00'),(605,2,2,'aeersv','averse','2015-07-20 23:00:00'),(606,2,3,'efilnosst','loftiness','2015-07-20 23:00:00'),(607,2,1,'kknsu','skunk','2015-07-21 23:00:00'),(608,2,2,'aiilorv','ravioli','2015-07-21 23:00:00'),(609,2,3,'aegikstw','gawkiest','2015-07-21 23:00:00'),(610,2,1,'kstu','tusk','2015-07-22 23:00:00'),(611,2,2,'ceiorrz','crozier','2015-07-22 23:00:00'),(612,2,3,'cimnorss','crimsons','2015-07-22 23:00:00'),(613,2,1,'deelv','delve','2015-07-23 23:00:00'),(614,2,2,'adempp','mapped','2015-07-23 23:00:00'),(615,2,3,'ceemnoptt','competent','2015-07-23 23:00:00'),(616,2,1,'aacco','cacao','2015-07-24 23:00:00'),(617,2,2,'adhiloy','holiday','2015-07-24 23:00:00'),(618,2,3,'ghiinnnwy','whinnying','2015-07-24 23:00:00'),(619,2,1,'adgl','glad','2015-07-25 23:00:00'),(620,2,2,'cdekkno','knocked','2015-07-25 23:00:00'),(621,2,3,'egiimnps','impinges','2015-07-25 23:00:00'),(622,2,1,'ffijy','jiffy','2015-07-26 23:00:00'),(623,2,2,'abeillp','pliable','2015-07-26 23:00:00'),(624,2,3,'eeflloruw','woefuller','2015-07-26 23:00:00'),(625,2,1,'istt','tits','2015-07-27 23:00:00'),(626,2,2,'aceikpx','pickaxe','2015-07-27 23:00:00'),(627,2,3,'agilmnprt','trampling','2015-07-27 23:00:00'),(628,2,1,'ejlls','jells','2015-07-28 23:00:00'),(629,2,2,'fiossy','ossify','2015-07-28 23:00:00'),(630,2,3,'cfiilnst','inflicts','2015-07-28 23:00:00'),(631,2,1,'diivv','vivid','2015-07-29 23:00:00'),(632,2,2,'abclot','cobalt','2015-07-29 23:00:00'),(633,2,3,'aabeeeglr','agreeable','2015-07-29 23:00:00'),(634,2,1,'deeny','needy','2015-07-30 23:00:00'),(635,2,2,'bcmruy','crumby','2015-07-30 23:00:00'),(636,2,3,'bgiilmnsu','subliming','2015-07-30 23:00:00'),(637,2,1,'abmmo','mambo','2015-07-31 23:00:00'),(638,2,2,'efgort','forget','2015-07-31 23:00:00'),(639,2,3,'effinpssu','puffiness','2015-07-31 23:00:00'),(640,2,1,'ikno','oink','2015-08-01 23:00:00'),(641,2,2,'aefinrr','refrain','2015-08-01 23:00:00'),(642,2,3,'adgilnpp','dappling','2015-08-01 23:00:00'),(643,2,1,'efirx','fixer','2015-08-02 23:00:00'),(644,2,2,'cnoosty','tycoons','2015-08-02 23:00:00'),(645,2,3,'ehimmrss','shimmers','2015-08-02 23:00:00'),(646,2,1,'defgu','fudge','2015-08-03 23:00:00'),(647,2,2,'aflost','floats','2015-08-03 23:00:00'),(648,2,3,'cehinprst','sphincter','2015-08-03 23:00:00'),(649,2,1,'chhiw','which','2015-08-04 23:00:00'),(650,2,2,'aehrstv','harvest','2015-08-04 23:00:00'),(651,2,3,'aeillrstw','stairwell','2015-08-04 23:00:00'),(652,2,1,'lmoos','looms','2015-08-05 23:00:00'),(653,2,2,'acempr','camper','2015-08-05 23:00:00'),(654,2,3,'cdeegiinv','deceiving','2015-08-05 23:00:00'),(655,2,1,'ahlo','halo','2015-08-06 23:00:00'),(656,2,2,'aenntt','tenant','2015-08-06 23:00:00'),(657,2,3,'beiloprss','possibler','2015-08-06 23:00:00'),(658,2,1,'ahox','hoax','2015-08-07 23:00:00'),(659,2,2,'aaglnor','granola','2015-08-07 23:00:00'),(660,2,3,'aeeflrss','fearless','2015-08-07 23:00:00'),(661,2,1,'ehinw','whine','2015-08-08 23:00:00'),(662,2,2,'aalpstu','spatula','2015-08-08 23:00:00'),(663,2,3,'acefirrt','craftier','2015-08-08 23:00:00'),(664,2,1,'abuzz','abuzz','2015-08-09 23:00:00'),(665,2,2,'eehrstt','tethers','2015-08-09 23:00:00'),(666,2,3,'bgilnnotu','unbolting','2015-08-09 23:00:00'),(667,2,1,'agin','gain','2015-08-10 23:00:00'),(668,2,2,'deeglns','legends','2015-08-10 23:00:00'),(669,2,3,'aegimnnr','renaming','2015-08-10 23:00:00'),(670,2,1,'chou','ouch','2015-08-11 23:00:00'),(671,2,2,'aeerty','eatery','2015-08-11 23:00:00'),(672,2,3,'abegilny','belaying','2015-08-11 23:00:00'),(673,2,1,'chipt','pitch','2015-08-12 23:00:00'),(674,2,2,'bceenos','obscene','2015-08-12 23:00:00'),(675,2,3,'efgnoortt','forgotten','2015-08-12 23:00:00'),(676,2,1,'bgino','bingo','2015-08-13 23:00:00'),(677,2,2,'einnpst','tenpins','2015-08-13 23:00:00'),(678,2,3,'aeemnnss','meanness','2015-08-13 23:00:00'),(679,2,1,'acdls','scald','2015-08-14 23:00:00'),(680,2,2,'ehlosw','wholes','2015-08-14 23:00:00'),(681,2,3,'bcceilsu','cubicles','2015-08-14 23:00:00'),(682,2,1,'ijnos','joins','2015-08-15 23:00:00'),(683,2,2,'deeilnv','livened','2015-08-15 23:00:00'),(684,2,3,'abinooprt','probation','2015-08-15 23:00:00'),(685,2,1,'kllno','knoll','2015-08-16 23:00:00'),(686,2,2,'degiluv','divulge','2015-08-16 23:00:00'),(687,2,3,'eioprsstt','sportiest','2015-08-16 23:00:00'),(688,2,1,'affst','staff','2015-08-17 23:00:00'),(689,2,2,'adefor','fedora','2015-08-17 23:00:00'),(690,2,3,'aaeeknrw','reawaken','2015-08-17 23:00:00'),(691,2,1,'emnsu','menus','2015-08-18 23:00:00'),(692,2,2,'acehirv','archive','2015-08-18 23:00:00'),(693,2,3,'accnostt','contacts','2015-08-18 23:00:00'),(694,2,1,'betu','tube','2015-08-19 23:00:00'),(695,2,2,'aefgor','forage','2015-08-19 23:00:00'),(696,2,3,'aeemnnott','atonement','2015-08-19 23:00:00'),(697,2,1,'bfos','fobs','2015-08-20 23:00:00'),(698,2,2,'cgiint','citing','2015-08-20 23:00:00'),(699,2,3,'abdeelrr','barreled','2015-08-20 23:00:00'),(700,2,1,'acdew','cawed','2015-08-21 23:00:00'),(701,2,2,'ceiorrs','crosier','2015-08-21 23:00:00'),(702,2,3,'fglnorsu','furlongs','2015-08-21 23:00:00'),(703,2,1,'floo','fool','2015-08-22 23:00:00'),(704,2,2,'aaaglmm','amalgam','2015-08-22 23:00:00'),(705,2,3,'aefilorss','foresails','2015-08-22 23:00:00'),(706,2,1,'eggly','leggy','2015-08-23 23:00:00'),(707,2,2,'aclosv','vocals','2015-08-23 23:00:00'),(708,2,3,'aeirsttw','wartiest','2015-08-23 23:00:00'),(709,2,1,'bbis','bibs','2015-08-24 23:00:00'),(710,2,2,'adelopt','tadpole','2015-08-24 23:00:00'),(711,2,3,'elppsstu','supplest','2015-08-24 23:00:00'),(712,2,1,'alnsu','ulnas','2015-08-25 23:00:00'),(713,2,2,'aginvw','waving','2015-08-25 23:00:00'),(714,2,3,'ginorrwy','worrying','2015-08-25 23:00:00'),(715,2,1,'nnoo','noon','2015-08-26 23:00:00'),(716,2,2,'adginnw','dawning','2015-08-26 23:00:00'),(717,2,3,'himorsstu','humorists','2015-08-26 23:00:00'),(718,2,1,'aeswx','waxes','2015-08-27 23:00:00'),(719,2,2,'aalnnu','annual','2015-08-27 23:00:00'),(720,2,3,'egiilrsst','grisliest','2015-08-27 23:00:00'),(721,2,1,'ipsty','tipsy','2015-08-28 23:00:00'),(722,2,2,'eirrstu','rustier','2015-08-28 23:00:00'),(723,2,3,'aeeiinstx','anxieties','2015-08-28 23:00:00'),(724,2,1,'agrs','rags','2015-08-29 23:00:00'),(725,2,2,'ceknors','reckons','2015-08-29 23:00:00'),(726,2,3,'bdhlooost','bloodshot','2015-08-29 23:00:00'),(727,2,1,'bkno','knob','2015-08-30 23:00:00'),(728,2,2,'cellnoo','colonel','2015-08-30 23:00:00'),(729,2,3,'adeelnrv','lavender','2015-08-30 23:00:00'),(730,2,1,'iknp','pink','2015-08-31 23:00:00'),(731,2,2,'eeinrt','entire','2015-08-31 23:00:00'),(732,2,3,'ceginoopr','coopering','2015-08-31 23:00:00'),(733,2,1,'adily','daily','2015-09-01 23:00:00'),(734,2,2,'addehor','hoarded','2015-09-01 23:00:00'),(735,2,3,'aeefhrst','feathers','2015-09-01 23:00:00'),(736,2,1,'abdwy','bawdy','2015-09-02 23:00:00'),(737,2,2,'aghilns','lashing','2015-09-02 23:00:00'),(738,2,3,'abiorrtv','vibrator','2015-09-02 23:00:00'),(739,2,1,'bdeem','embed','2015-09-03 23:00:00'),(740,2,2,'dehort','throed','2015-09-03 23:00:00'),(741,2,3,'aijllovy','jovially','2015-09-03 23:00:00'),(742,2,1,'aefks','fakes','2015-09-04 23:00:00'),(743,2,2,'eeeflrs','feelers','2015-09-04 23:00:00'),(744,2,3,'aaccelltu','calculate','2015-09-04 23:00:00'),(745,2,1,'iklo','kilo','2015-09-05 23:00:00'),(746,2,2,'acdehkw','whacked','2015-09-05 23:00:00'),(747,2,3,'cefilmru','merciful','2015-09-05 23:00:00'),(748,2,1,'deimt','timed','2015-09-06 23:00:00'),(749,2,2,'aioprrt','airport','2015-09-06 23:00:00'),(750,2,3,'cegiloost','ecologist','2015-09-06 23:00:00'),(751,2,1,'ademx','maxed','2015-09-07 23:00:00'),(752,2,2,'chlrsu','churls','2015-09-07 23:00:00'),(753,2,3,'adelnnorw','landowner','2015-09-07 23:00:00'),(754,2,1,'elly','yell','2015-09-08 23:00:00'),(755,2,2,'agginru','arguing','2015-09-08 23:00:00'),(756,2,3,'bceenpstu','pubescent','2015-09-08 23:00:00'),(757,2,1,'abcis','basic','2015-09-09 23:00:00'),(758,2,2,'aalmny','layman','2015-09-09 23:00:00'),(759,2,3,'ddemnouu','duodenum','2015-09-09 23:00:00'),(760,2,1,'aeelt','elate','2015-09-10 23:00:00'),(761,2,2,'ahiinpr','hairpin','2015-09-10 23:00:00'),(762,2,3,'deggnoost','doggonest','2015-09-10 23:00:00'),(763,2,1,'deinp','pined','2015-09-11 23:00:00'),(764,2,2,'cdeghou','coughed','2015-09-11 23:00:00'),(765,2,3,'admoorrsw','wardrooms','2015-09-11 23:00:00'),(766,2,1,'mprtu','trump','2015-09-12 23:00:00'),(767,2,2,'eiiklrs','silkier','2015-09-12 23:00:00'),(768,2,3,'aadinoprs','paranoids','2015-09-12 23:00:00'),(769,2,1,'deek','eked','2015-09-13 23:00:00'),(770,2,2,'chnoop','poncho','2015-09-13 23:00:00'),(771,2,3,'eehhoorss','horseshoe','2015-09-13 23:00:00'),(772,2,1,'booty','booty','2015-09-14 23:00:00'),(773,2,2,'bbeiln','nibble','2015-09-14 23:00:00'),(774,2,3,'defiimstt','misfitted','2015-09-14 23:00:00'),(775,2,1,'enswy','newsy','2015-09-15 23:00:00'),(776,2,2,'aacinor','ocarina','2015-09-15 23:00:00'),(777,2,3,'acennotv','covenant','2015-09-15 23:00:00'),(778,2,1,'eesv','eves','2015-09-16 23:00:00'),(779,2,2,'ackllsy','slackly','2015-09-16 23:00:00'),(780,2,3,'diiorssv','divisors','2015-09-16 23:00:00'),(781,2,1,'ooprs','spoor','2015-09-17 23:00:00'),(782,2,2,'bdeoot','booted','2015-09-17 23:00:00'),(783,2,3,'efhloopsu','flophouse','2015-09-17 23:00:00'),(784,2,1,'bersv','verbs','2015-09-18 23:00:00'),(785,2,2,'addimno','diamond','2015-09-18 23:00:00'),(786,2,3,'abeegosz','gazeboes','2015-09-18 23:00:00'),(787,2,1,'hinnt','ninth','2015-09-19 23:00:00'),(788,2,2,'aachnss','ashcans','2015-09-19 23:00:00'),(789,2,3,'acefginpr','prefacing','2015-09-19 23:00:00'),(790,2,1,'cmsuu','mucus','2015-09-20 23:00:00'),(791,2,2,'bdenosy','beyonds','2015-09-20 23:00:00'),(792,2,3,'eeehirsss','heiresses','2015-09-20 23:00:00'),(793,2,1,'abim','iamb','2015-09-21 23:00:00'),(794,2,2,'defknu','funked','2015-09-21 23:00:00'),(795,2,3,'eilmoost','toilsome','2015-09-21 23:00:00'),(796,2,1,'aenst','antes','2015-09-22 23:00:00'),(797,2,2,'addeglr','gladder','2015-09-22 23:00:00'),(798,2,3,'aehirsty','hysteria','2015-09-22 23:00:00'),(799,2,1,'eest','tees','2015-09-23 23:00:00'),(800,2,2,'hilmoy','homily','2015-09-23 23:00:00'),(801,2,3,'aceennrt','entrance','2015-09-23 23:00:00'),(802,2,1,'beir','bier','2015-09-24 23:00:00'),(803,2,2,'cdddeei','decided','2015-09-24 23:00:00'),(804,2,3,'cdmnoopsu','compounds','2015-09-24 23:00:00'),(805,2,1,'frstu','turfs','2015-09-25 23:00:00'),(806,2,2,'eiilrw','wilier','2015-09-25 23:00:00'),(807,2,3,'efnorstu','fortunes','2015-09-25 23:00:00'),(808,2,1,'cest','sect','2015-09-26 23:00:00'),(809,2,2,'dghiny','dinghy','2015-09-26 23:00:00'),(810,2,3,'ccenoort','concerto','2015-09-26 23:00:00'),(811,2,1,'ccikl','click','2015-09-27 23:00:00'),(812,2,2,'eefhort','thereof','2015-09-27 23:00:00'),(813,2,3,'eeghhinst','heightens','2015-09-27 23:00:00'),(814,2,1,'ceflt','cleft','2015-09-28 23:00:00'),(815,2,2,'cgiknop','pocking','2015-09-28 23:00:00'),(816,2,3,'adeehors','sorehead','2015-09-28 23:00:00'),(817,2,1,'abit','bait','2015-09-29 23:00:00'),(818,2,2,'deellry','elderly','2015-09-29 23:00:00'),(819,2,3,'adilmopt','diplomat','2015-09-29 23:00:00'),(820,2,1,'looss','solos','2015-09-30 23:00:00'),(821,2,2,'aoopprs','apropos','2015-09-30 23:00:00'),(822,2,3,'aaddemru','marauded','2015-09-30 23:00:00'),(823,2,1,'aegmy','gamey','2015-10-01 23:00:00'),(824,2,2,'abdehlr','halberd','2015-10-01 23:00:00'),(825,2,3,'deioprssv','disproves','2015-10-01 23:00:00'),(826,2,1,'aeppr','paper','2015-10-02 23:00:00'),(827,2,2,'eeprttx','pretext','2015-10-02 23:00:00'),(828,2,3,'cdeginrsy','descrying','2015-10-02 23:00:00'),(829,2,1,'cekos','cokes','2015-10-03 23:00:00'),(830,2,2,'ikmnoos','kimonos','2015-10-03 23:00:00'),(831,2,3,'bdegikoou','guidebook','2015-10-03 23:00:00'),(832,2,1,'binor','robin','2015-10-04 23:00:00'),(833,2,2,'aginrs','grains','2015-10-04 23:00:00'),(834,2,3,'abcelmrss','scrambles','2015-10-04 23:00:00'),(835,2,1,'prsuu','usurp','2015-10-05 23:00:00'),(836,2,2,'elmoort','tremolo','2015-10-05 23:00:00'),(837,2,3,'aemnrsuy','aneurysm','2015-10-05 23:00:00'),(838,2,1,'ilrtw','twirl','2015-10-06 23:00:00'),(839,2,2,'eipruvw','purview','2015-10-06 23:00:00'),(840,2,3,'eeilorsv','overlies','2015-10-06 23:00:00'),(841,2,1,'begr','berg','2015-10-07 23:00:00'),(842,2,2,'eelpss','sleeps','2015-10-07 23:00:00'),(843,2,3,'accillruy','crucially','2015-10-07 23:00:00'),(844,2,1,'ehov','hove','2015-10-08 23:00:00'),(845,2,2,'aeeegrr','eagerer','2015-10-08 23:00:00'),(846,2,3,'cddeelsu','secluded','2015-10-08 23:00:00'),(847,2,1,'dell','dell','2015-10-09 23:00:00'),(848,2,2,'giinptt','pitting','2015-10-09 23:00:00'),(849,2,3,'acdfoortw','woodcraft','2015-10-09 23:00:00'),(850,2,1,'adegw','waged','2015-10-10 23:00:00'),(851,2,2,'deinnoo','onioned','2015-10-10 23:00:00'),(852,2,3,'aeinostvx','vexations','2015-10-10 23:00:00'),(853,2,1,'eehrs','sheer','2015-10-11 23:00:00'),(854,2,2,'aenptt','patent','2015-10-11 23:00:00'),(855,2,3,'fiklllsu','skillful','2015-10-11 23:00:00'),(856,2,1,'cgilo','logic','2015-10-12 23:00:00'),(857,2,2,'celmops','compels','2015-10-12 23:00:00'),(858,2,3,'aeeghmop','homepage','2015-10-12 23:00:00'),(859,2,1,'lopst','plots','2015-10-13 23:00:00'),(860,2,2,'ajlnoru','journal','2015-10-13 23:00:00'),(861,2,3,'aciortty','atrocity','2015-10-13 23:00:00'),(862,2,1,'bdesu','bused','2015-10-14 23:00:00'),(863,2,2,'abcehst','batches','2015-10-14 23:00:00'),(864,2,3,'egiilnott','toileting','2015-10-14 23:00:00'),(865,2,1,'gloo','logo','2015-10-15 23:00:00'),(866,2,2,'aiinnsz','zinnias','2015-10-15 23:00:00'),(867,2,3,'ghiiknnt','thinking','2015-10-15 23:00:00'),(868,2,1,'fort','fort','2015-10-16 23:00:00'),(869,2,2,'ainprs','sprain','2015-10-16 23:00:00'),(870,2,3,'bbeelllu','bluebell','2015-10-16 23:00:00'),(871,2,1,'amstt','matts','2015-10-17 23:00:00'),(872,2,2,'ceelrsu','recluse','2015-10-17 23:00:00'),(873,2,3,'aaelnoss','seasonal','2015-10-17 23:00:00'),(874,2,1,'ahrtw','wrath','2015-10-18 23:00:00'),(875,2,2,'aadgnpr','grandpa','2015-10-18 23:00:00'),(876,2,3,'ddeffisu','diffused','2015-10-18 23:00:00'),(877,2,1,'dirty','dirty','2015-10-19 23:00:00'),(878,2,2,'eoopps','oppose','2015-10-19 23:00:00'),(879,2,3,'aadennttt','attendant','2015-10-19 23:00:00'),(880,2,1,'akny','yank','2015-10-20 23:00:00'),(881,2,2,'abeggrr','bragger','2015-10-20 23:00:00'),(882,2,3,'ainrstttu','antitrust','2015-10-20 23:00:00'),(883,2,1,'ffstu','stuff','2015-10-21 23:00:00'),(884,2,2,'eiilms','simile','2015-10-21 23:00:00'),(885,2,3,'ehmoooprs','sophomore','2015-10-21 23:00:00'),(886,2,1,'ilmy','limy','2015-10-22 23:00:00'),(887,2,2,'efistty','testify','2015-10-22 23:00:00'),(888,2,3,'efggiinnr','fingering','2015-10-22 23:00:00'),(889,2,1,'ehilx','helix','2015-10-23 23:00:00'),(890,2,2,'aelttux','textual','2015-10-23 23:00:00'),(891,2,3,'eeefrrsz','freezers','2015-10-23 23:00:00'),(892,2,1,'eins','sine','2015-10-24 23:00:00'),(893,2,2,'cegilln','celling','2015-10-24 23:00:00'),(894,2,3,'aadikllos','alkaloids','2015-10-24 23:00:00'),(895,2,1,'inpsy','spiny','2015-10-26 00:00:00'),(896,2,2,'deeeflt','fleeted','2015-10-26 00:00:00'),(897,2,3,'blopsstu','subplots','2015-10-26 00:00:00'),(898,2,1,'ddeop','doped','2015-10-27 00:00:00'),(899,2,2,'ahoosy','yahoos','2015-10-27 00:00:00'),(900,2,3,'aceilprt','particle','2015-10-27 00:00:00'),(901,2,1,'gilny','lying','2015-10-28 00:00:00'),(902,2,2,'emnort','mentor','2015-10-28 00:00:00'),(903,2,3,'acdehktw','thwacked','2015-10-28 00:00:00'),(904,2,1,'bdnos','bonds','2015-10-29 00:00:00'),(905,2,2,'hinorsu','nourish','2015-10-29 00:00:00'),(906,2,3,'bcdeejot','objected','2015-10-29 00:00:00'),(907,2,1,'intuy','unity','2015-10-30 00:00:00'),(908,2,2,'acefrsu','surface','2015-10-30 00:00:00'),(909,2,3,'ceffiors','officers','2015-10-30 00:00:00'),(910,2,1,'ehmny','hymen','2015-10-31 00:00:00'),(911,2,2,'aaeggr','garage','2015-10-31 00:00:00'),(912,2,3,'boopprrtu','turboprop','2015-10-31 00:00:00'),(913,2,1,'ddoty','toddy','2015-11-01 00:00:00'),(914,2,2,'aeelmss','measles','2015-11-01 00:00:00'),(915,2,3,'ddeeiprv','deprived','2015-11-01 00:00:00'),(916,2,1,'cdery','decry','2015-11-02 00:00:00'),(917,2,2,'aachlps','paschal','2015-11-02 00:00:00'),(918,2,3,'aegilnpt','pleating','2015-11-02 00:00:00'),(919,2,1,'agsst','stags','2015-11-03 00:00:00'),(920,2,2,'deejnoy','enjoyed','2015-11-03 00:00:00'),(921,2,3,'afgimortu','fumigator','2015-11-03 00:00:00'),(922,2,1,'morst','storm','2015-11-04 00:00:00'),(923,2,2,'aeglnt','tangle','2015-11-04 00:00:00'),(924,2,3,'deehimmrs','shimmered','2015-11-04 00:00:00'),(925,2,1,'alppu','pupal','2015-11-05 00:00:00'),(926,2,2,'aeghrst','gathers','2015-11-05 00:00:00'),(927,2,3,'eeeegqssu','squeegees','2015-11-05 00:00:00'),(928,2,1,'aenss','sanes','2015-11-06 00:00:00'),(929,2,2,'eiklssu','sulkies','2015-11-06 00:00:00'),(930,2,3,'aaehnpsst','pheasants','2015-11-06 00:00:00'),(931,2,1,'aalnv','naval','2015-11-07 00:00:00'),(932,2,2,'ehilrt','lither','2015-11-07 00:00:00'),(933,2,3,'eegisstv','vestiges','2015-11-07 00:00:00'),(934,2,1,'chnru','churn','2015-11-08 00:00:00'),(935,2,2,'addilmn','midland','2015-11-08 00:00:00'),(936,2,3,'eilssttu','lustiest','2015-11-08 00:00:00'),(937,2,1,'bghit','bight','2015-11-09 00:00:00'),(938,2,2,'ijnost','joints','2015-11-09 00:00:00'),(939,2,3,'giilnszz','sizzling','2015-11-09 00:00:00'),(940,2,1,'acpst','pacts','2015-11-10 00:00:00'),(941,2,2,'aeklrsw','walkers','2015-11-10 00:00:00'),(942,2,3,'adeiorsst','asteroids','2015-11-10 00:00:00'),(943,2,1,'egipr','gripe','2015-11-11 00:00:00'),(944,2,2,'dhilrty','thirdly','2015-11-11 00:00:00'),(945,2,3,'abejlsuy','bluejays','2015-11-11 00:00:00'),(946,2,1,'agjs','jags','2015-11-12 00:00:00'),(947,2,2,'abhorrs','harbors','2015-11-12 00:00:00'),(948,2,3,'acdeenors','coarsened','2015-11-12 00:00:00'),(949,2,1,'emmos','memos','2015-11-13 00:00:00'),(950,2,2,'cefirr','ferric','2015-11-13 00:00:00'),(951,2,3,'adeemort','moderate','2015-11-13 00:00:00'),(952,2,1,'clnow','clown','2015-11-14 00:00:00'),(953,2,2,'abeelsu','useable','2015-11-14 00:00:00'),(954,2,3,'aceinnrs','crannies','2015-11-14 00:00:00'),(955,2,1,'cemot','comet','2015-11-15 00:00:00'),(956,2,2,'abdeeln','enabled','2015-11-15 00:00:00'),(957,2,3,'ddegiiitz','digitized','2015-11-15 00:00:00'),(958,2,1,'glloy','golly','2015-11-16 00:00:00'),(959,2,2,'eejrst','jester','2015-11-16 00:00:00'),(960,2,3,'acceilnt','canticle','2015-11-16 00:00:00'),(961,2,1,'choop','pooch','2015-11-17 00:00:00'),(962,2,2,'ackors','croaks','2015-11-17 00:00:00'),(963,2,3,'cdilloos','colloids','2015-11-17 00:00:00'),(964,2,1,'dgoos','goods','2015-11-18 00:00:00'),(965,2,2,'cdeeitv','evicted','2015-11-18 00:00:00'),(966,2,3,'efgimnorr','reforming','2015-11-18 00:00:00'),(967,2,1,'aeguv','vague','2015-11-19 00:00:00'),(968,2,2,'efilquy','liquefy','2015-11-19 00:00:00'),(969,2,3,'aaegnstv','vantages','2015-11-19 00:00:00'),(970,2,1,'elmxy','xylem','2015-11-20 00:00:00'),(971,2,2,'aeehltt','athlete','2015-11-20 00:00:00'),(972,2,3,'aachimrrs','armchairs','2015-11-20 00:00:00'),(973,2,1,'costu','scout','2015-11-21 00:00:00'),(974,2,2,'aersssu','assures','2015-11-21 00:00:00'),(975,2,3,'aehorrsw','warhorse','2015-11-21 00:00:00'),(976,2,1,'denuu','undue','2015-11-22 00:00:00'),(977,2,2,'cnooppr','popcorn','2015-11-22 00:00:00'),(978,2,3,'deeirstw','weirdest','2015-11-22 00:00:00'),(979,2,1,'bffsu','buffs','2015-11-23 00:00:00'),(980,2,2,'ehmnoor','hormone','2015-11-23 00:00:00'),(981,2,3,'beeeilns','beelines','2015-11-23 00:00:00'),(982,2,1,'adevw','waved','2015-11-24 00:00:00'),(983,2,2,'defist','sifted','2015-11-24 00:00:00'),(984,2,3,'agiilnort','tailoring','2015-11-24 00:00:00'),(985,2,1,'degl','geld','2015-11-25 00:00:00'),(986,2,2,'ciilnuv','uncivil','2015-11-25 00:00:00'),(987,2,3,'efoorsstt','footrests','2015-11-25 00:00:00'),(988,2,1,'chko','hock','2015-11-26 00:00:00'),(989,2,2,'cddehou','douched','2015-11-26 00:00:00'),(990,2,3,'cfimnors','confirms','2015-11-26 00:00:00'),(991,2,1,'doow','wood','2015-11-27 00:00:00'),(992,2,2,'ailstuw','lawsuit','2015-11-27 00:00:00'),(993,2,3,'aemnrsttu','transmute','2015-11-27 00:00:00'),(994,2,1,'iquz','quiz','2015-11-28 00:00:00'),(995,2,2,'aeepst','peseta','2015-11-28 00:00:00'),(996,2,3,'beeiilnrt','libertine','2015-11-28 00:00:00'),(997,2,1,'agnow','wagon','2015-11-29 00:00:00'),(998,2,2,'clmnou','column','2015-11-29 00:00:00'),(999,2,3,'aeilmmost','immolates','2015-11-29 00:00:00'),(1000,2,1,'ddeil','idled','2015-11-30 00:00:00'),(1001,2,2,'aelnrs','learns','2015-11-30 00:00:00'),(1002,2,3,'aaeelnrtt','alternate','2015-11-30 00:00:00'),(1003,2,1,'aksu','auks','2015-12-01 00:00:00'),(1004,2,2,'coprrtu','corrupt','2015-12-01 00:00:00'),(1005,2,3,'aeginnrss','ranginess','2015-12-01 00:00:00'),(1006,2,1,'ceko','coke','2015-12-02 00:00:00'),(1007,2,2,'dekkoo','kooked','2015-12-02 00:00:00'),(1008,2,3,'acdhipst','dispatch','2015-12-02 00:00:00'),(1009,2,1,'aaer','area','2015-12-03 00:00:00'),(1010,2,2,'aclnuy','lunacy','2015-12-03 00:00:00'),(1011,2,3,'acehmntw','watchmen','2015-12-03 00:00:00'),(1012,2,1,'ijnn','jinn','2015-12-04 00:00:00'),(1013,2,2,'aeistty','satiety','2015-12-04 00:00:00'),(1014,2,3,'aceiprst','practise','2015-12-04 00:00:00'),(1015,2,1,'chill','chill','2015-12-05 00:00:00'),(1016,2,2,'aefimrr','firearm','2015-12-05 00:00:00'),(1017,2,3,'agiilnsss','isinglass','2015-12-05 00:00:00'),(1018,2,1,'dnosy','synod','2015-12-06 00:00:00'),(1019,2,2,'cegorry','grocery','2015-12-06 00:00:00'),(1020,2,3,'aeggilnn','gleaning','2015-12-06 00:00:00'),(1021,2,1,'gimos','gismo','2015-12-07 00:00:00'),(1022,2,2,'beorstt','bettors','2015-12-07 00:00:00'),(1023,2,3,'agginnot','tangoing','2015-12-07 00:00:00'),(1024,2,1,'bgno','bong','2015-12-08 00:00:00'),(1025,2,2,'abgilnw','bawling','2015-12-08 00:00:00'),(1026,2,3,'acdefiirs','scarified','2015-12-08 00:00:00'),(1027,2,1,'abrst','brats','2015-12-09 00:00:00'),(1028,2,2,'ejknrsu','junkers','2015-12-09 00:00:00'),(1029,2,3,'defilrvy','fervidly','2015-12-09 00:00:00'),(1030,2,1,'esttx','texts','2015-12-10 00:00:00'),(1031,2,2,'deelopx','explode','2015-12-10 00:00:00'),(1032,2,3,'aabilnnu','biannual','2015-12-10 00:00:00'),(1033,2,1,'hirrs','shirr','2015-12-11 00:00:00'),(1034,2,2,'ghilrty','rightly','2015-12-11 00:00:00'),(1035,2,3,'acceehist','catechise','2015-12-11 00:00:00'),(1036,2,1,'iprs','rips','2015-12-12 00:00:00'),(1037,2,2,'aderstt','started','2015-12-12 00:00:00'),(1038,2,3,'aehnprst','panthers','2015-12-12 00:00:00'),(1039,2,1,'cdeim','medic','2015-12-13 00:00:00'),(1040,2,2,'deeeirr','reedier','2015-12-13 00:00:00'),(1041,2,3,'ennorssu','nonusers','2015-12-13 00:00:00'),(1042,2,1,'abkrs','barks','2015-12-14 00:00:00'),(1043,2,2,'elnssu','unless','2015-12-14 00:00:00'),(1044,2,3,'agginnrt','granting','2015-12-14 00:00:00'),(1045,2,1,'deevx','vexed','2015-12-15 00:00:00'),(1046,2,2,'ehprssu','pushers','2015-12-15 00:00:00'),(1047,2,3,'gghiinrt','righting','2015-12-15 00:00:00'),(1048,2,1,'lowy','yowl','2015-12-16 00:00:00'),(1049,2,2,'aeilmr','mailer','2015-12-16 00:00:00'),(1050,2,3,'ehimsswy','whimseys','2015-12-16 00:00:00'),(1051,2,1,'aadmm','madam','2015-12-17 00:00:00'),(1052,2,2,'chnpuy','punchy','2015-12-17 00:00:00'),(1053,2,3,'ddegilos','dislodge','2015-12-17 00:00:00'),(1054,2,1,'cegko','gecko','2015-12-18 00:00:00'),(1055,2,2,'belrtu','butler','2015-12-18 00:00:00'),(1056,2,3,'acdeennst','ascendent','2015-12-18 00:00:00'),(1057,2,1,'aclrw','crawl','2015-12-19 00:00:00'),(1058,2,2,'ginosw','sowing','2015-12-19 00:00:00'),(1059,2,3,'acdeeortv','overacted','2015-12-19 00:00:00'),(1060,2,1,'ffit','tiff','2015-12-20 00:00:00'),(1061,2,2,'agllno','gallon','2015-12-20 00:00:00'),(1062,2,3,'acdeehnst','chastened','2015-12-20 00:00:00'),(1063,2,1,'aikmu','umiak','2015-12-21 00:00:00'),(1064,2,2,'bhillsu','bullish','2015-12-21 00:00:00'),(1065,2,3,'deginrrs','grinders','2015-12-21 00:00:00'),(1066,2,1,'cist','tics','2015-12-22 00:00:00'),(1067,2,2,'adegin','gained','2015-12-22 00:00:00'),(1068,2,3,'fgggilno','flogging','2015-12-22 00:00:00'),(1069,2,1,'elptu','letup','2015-12-23 00:00:00'),(1070,2,2,'enoptt','potent','2015-12-23 00:00:00'),(1071,2,3,'deelnswwy','newlyweds','2015-12-23 00:00:00'),(1072,2,1,'alppy','apply','2015-12-24 00:00:00'),(1073,2,2,'addinor','android','2015-12-24 00:00:00'),(1074,2,3,'efilostt','loftiest','2015-12-24 00:00:00'),(1075,2,1,'bersw','brews','2015-12-25 00:00:00'),(1076,2,2,'efhloox','foxhole','2015-12-25 00:00:00'),(1077,2,3,'ceginopry','recopying','2015-12-25 00:00:00'),(1078,2,1,'cikpy','picky','2015-12-26 00:00:00'),(1079,2,2,'ceijnst','injects','2015-12-26 00:00:00'),(1080,2,3,'bceeiosx','iceboxes','2015-12-26 00:00:00'),(1081,2,1,'aefz','faze','2015-12-27 00:00:00'),(1082,2,2,'dehlrtu','hurtled','2015-12-27 00:00:00'),(1083,2,3,'acdemuuv','vacuumed','2015-12-27 00:00:00'),(1084,2,1,'nssu','suns','2015-12-28 00:00:00'),(1085,2,2,'ddeensu','denudes','2015-12-28 00:00:00'),(1086,2,3,'aghilnoo','hooligan','2015-12-28 00:00:00'),(1087,2,1,'beno','bone','2015-12-29 00:00:00'),(1088,2,2,'aennprs','spanner','2015-12-29 00:00:00'),(1089,2,3,'aehlopsuy','playhouse','2015-12-29 00:00:00'),(1090,2,1,'denrt','trend','2015-12-30 00:00:00'),(1091,2,2,'ghhotu','though','2015-12-30 00:00:00'),(1092,2,3,'abeeillrs','reliables','2015-12-30 00:00:00'),(1093,2,1,'cehtv','vetch','2015-12-31 00:00:00'),(1094,2,2,'bbeginw','webbing','2015-12-31 00:00:00'),(1095,2,3,'degiinost','digestion','2015-12-31 00:00:00');
/*!40000 ALTER TABLE `puzzles` ENABLE KEYS */;
UNLOCK TABLES;

--
-- Table structure for table `types`
--

DROP TABLE IF EXISTS `types`;
/*!40101 SET @saved_cs_client     = @@character_set_client */;
/*!40101 SET character_set_client = utf8 */;
CREATE TABLE `types` (
  `id` int(11) NOT NULL,
  `name` varchar(255) NOT NULL,
  PRIMARY KEY (`id`)
) ENGINE=InnoDB DEFAULT CHARSET=utf8;
/*!40101 SET character_set_client = @saved_cs_client */;

--
-- Dumping data for table `types`
--

LOCK TABLES `types` WRITE;
/*!40000 ALTER TABLE `types` DISABLE KEYS */;
INSERT INTO `types` VALUES (1,'chess'),(2,'jumble'),(3,'arithmetic');
/*!40000 ALTER TABLE `types` ENABLE KEYS */;
UNLOCK TABLES;
/*!40103 SET TIME_ZONE=@OLD_TIME_ZONE */;

/*!40101 SET SQL_MODE=@OLD_SQL_MODE */;
/*!40014 SET FOREIGN_KEY_CHECKS=@OLD_FOREIGN_KEY_CHECKS */;
/*!40014 SET UNIQUE_CHECKS=@OLD_UNIQUE_CHECKS */;
/*!40101 SET CHARACTER_SET_CLIENT=@OLD_CHARACTER_SET_CLIENT */;
/*!40101 SET CHARACTER_SET_RESULTS=@OLD_CHARACTER_SET_RESULTS */;
/*!40101 SET COLLATION_CONNECTION=@OLD_COLLATION_CONNECTION */;
/*!40111 SET SQL_NOTES=@OLD_SQL_NOTES */;

-- Dump completed on 2014-12-20 16:33:40
